2026/10/07 03:46:03.215, 0 MiB, 0 %
2026/10/07 03:46:05.223, 0 MiB, 0 %
2026/10/07 03:46:07.226, 0 MiB, 0 %
2026/10/07 03:46:09.228, 0 MiB, 0 %
2026/10/07 03:46:11.232, 0 MiB, 0 %
2026/10/07 03:46:13.234, 0 MiB, 0 %
2026/10/07 03:46:15.236, 0 MiB, 0 %
2026/10/07 03:46:17.238, 0 MiB, 0 %
2026/10/07 03:46:19.240, 0 MiB, 0 %
2026/10/07 03:46:21.242, 0 MiB, 0 %
2026/10/07 03:46:23.244, 0 MiB, 0 %
2026/10/07 03:46:25.246, 0 MiB, 0 %
2026/10/07 03:46:27.248, 0 MiB, 0 %
2026/10/07 03:46:29.251, 0 MiB, 0 %
2026/10/07 03:46:31.252, 0 MiB, 0 %
2026/10/07 03:46:33.254, 0 MiB, 0 %
2026/10/07 03:46:35.256, 0 MiB, 0 %
2026/10/07 03:46:37.257, 0 MiB, 0 %
2026/10/07 03:46:39.258, 0 MiB, 0 %
2026/10/07 03:46:41.261, 0 MiB, 0 %
2026/10/07 03:46:43.262, 0 MiB, 0 %
2026/10/07 03:46:45.262, 0 MiB, 0 %
2026/10/07 03:46:47.263, 0 MiB, 0 %
2026/10/07 03:46:49.266, 0 MiB, 0 %
2026/10/07 03:46:51.268, 0 MiB, 0 %
2026/10/07 03:46:53.269, 0 MiB, 0 %
2026/10/07 03:46:55.270, 0 MiB, 0 %
2026/10/07 03:46:57.272, 0 MiB, 0 %
2026/10/07 03:46:59.275, 0 MiB, 0 %
2026/10/07 03:47:01.277, 0 MiB, 0 %
2026/10/07 03:47:03.279, 0 MiB, 0 %
2026/10/07 03:47:05.283, 0 MiB, 0 %
2026/10/07 03:47:07.284, 0 MiB, 0 %
2026/10/07 03:47:09.287, 0 MiB, 0 %
2026/10/07 03:47:11.289, 0 MiB, 0 %
2026/10/07 03:47:13.291, 0 MiB, 0 %
2026/10/07 03:47:15.293, 0 MiB, 0 %
2026/10/07 03:47:17.293, 0 MiB, 0 %
2026/10/07 03:47:19.296, 0 MiB, 0 %
2026/10/07 03:47:21.298, 0 MiB, 0 %
2026/10/07 03:47:23.301, 0 MiB, 0 %
2026/10/07 03:47:25.303, 0 MiB, 0 %
2026/10/07 03:47:27.304, 0 MiB, 0 %
2026/10/07 03:47:29.307, 0 MiB, 0 %
2026/10/07 03:47:31.307, 0 MiB, 0 %
2026/10/07 03:47:33.309, 0 MiB, 0 %
2026/10/07 03:47:35.313, 0 MiB, 0 %
2026/10/07 03:47:37.314, 0 MiB, 0 %
2026/10/07 03:47:39.314, 0 MiB, 0 %
2026/10/07 03:47:41.315, 0 MiB, 0 %
2026/10/07 03:47:43.316, 0 MiB, 0 %
2026/10/07 03:47:45.318, 0 MiB, 0 %
2026/10/07 03:47:47.318, 0 MiB, 0 %
2026/10/07 03:47:49.319, 0 MiB, 0 %
2026/10/07 03:47:51.320, 0 MiB, 0 %
2026/10/07 03:47:53.321, 0 MiB, 0 %
2026/10/07 03:47:55.321, 0 MiB, 0 %
2026/10/07 03:47:57.322, 0 MiB, 0 %
2026/10/07 03:47:59.323, 0 MiB, 0 %
2026/10/07 03:48:01.324, 0 MiB, 0 %
2026/10/07 03:48:03.326, 0 MiB, 0 %
2026/10/07 03:48:05.328, 0 MiB, 0 %
2026/10/07 03:48:07.329, 0 MiB, 0 %
2026/10/07 03:48:09.330, 0 MiB, 0 %
2026/10/07 03:48:11.333, 0 MiB, 0 %
2026/10/07 03:48:13.335, 0 MiB, 0 %
2026/10/07 03:48:15.338, 0 MiB, 0 %
2026/10/07 03:48:17.338, 0 MiB, 0 %
2026/10/07 03:48:19.341, 0 MiB, 0 %
2026/10/07 03:48:21.341, 0 MiB, 0 %
2026/10/07 03:48:23.343, 0 MiB, 0 %
2026/10/07 03:48:25.346, 0 MiB, 0 %
2026/10/07 03:48:27.348, 0 MiB, 0 %
2026/10/07 03:48:29.351, 0 MiB, 0 %
2026/10/07 03:48:31.354, 0 MiB, 0 %
2026/10/07 03:48:33.355, 0 MiB, 0 %
2026/10/07 03:48:35.360, 0 MiB, 0 %
2026/10/07 03:48:37.362, 0 MiB, 0 %
2026/10/07 03:48:39.365, 0 MiB, 0 %
2026/10/07 03:48:41.366, 0 MiB, 0 %
2026/10/07 03:48:43.368, 0 MiB, 0 %
2026/10/07 03:48:45.371, 0 MiB, 0 %
2026/10/07 03:48:47.373, 0 MiB, 0 %
2026/10/07 03:48:49.376, 0 MiB, 0 %
2026/10/07 03:48:51.378, 0 MiB, 0 %
2026/10/07 03:48:53.379, 0 MiB, 0 %
2026/10/07 03:48:55.380, 0 MiB, 0 %
2026/10/07 03:48:57.383, 0 MiB, 0 %
2026/10/07 03:48:59.384, 0 MiB, 0 %
2026/10/07 03:49:01.387, 0 MiB, 0 %
2026/10/07 03:49:03.388, 0 MiB, 0 %
2026/10/07 03:49:05.573, 0 MiB, 0 %
2026/10/07 03:49:07.575, 0 MiB, 0 %
2026/10/07 03:49:09.576, 0 MiB, 0 %
2026/10/07 03:49:11.577, 0 MiB, 0 %
2026/10/07 03:49:13.579, 0 MiB, 0 %
2026/10/07 03:49:15.582, 0 MiB, 0 %
2026/10/07 03:49:17.583, 0 MiB, 0 %
2026/10/07 03:49:19.586, 0 MiB, 0 %
2026/10/07 03:49:21.588, 0 MiB, 0 %
2026/10/07 03:49:23.589, 0 MiB, 0 %
2026/10/07 03:49:25.590, 0 MiB, 0 %
2026/10/07 03:49:27.591, 0 MiB, 0 %
2026/10/07 03:49:29.592, 0 MiB, 0 %
2026/10/07 03:49:31.594, 0 MiB, 0 %
2026/10/07 03:49:33.596, 0 MiB, 0 %
2026/10/07 03:49:35.599, 0 MiB, 0 %
2026/10/07 03:49:37.600, 0 MiB, 0 %
2026/10/07 03:49:39.602, 0 MiB, 0 %
2026/10/07 03:49:41.604, 0 MiB, 0 %
2026/10/07 03:49:43.606, 0 MiB, 0 %
2026/10/07 03:49:45.607, 0 MiB, 0 %
2026/10/07 03:49:47.608, 0 MiB, 0 %
2026/10/07 03:49:49.610, 0 MiB, 0 %
2026/10/07 03:49:51.612, 0 MiB, 0 %
2026/10/07 03:49:53.615, 0 MiB, 0 %
2026/10/07 03:49:55.618, 0 MiB, 0 %
2026/10/07 03:49:57.619, 0 MiB, 0 %
2026/10/07 03:49:59.620, 0 MiB, 0 %
2026/10/07 03:50:01.621, 4 MiB, 0 %
2026/10/07 03:50:03.621, 4 MiB, 0 %
2026/10/07 03:50:05.622, 4 MiB, 0 %
2026/10/07 03:50:07.623, 4 MiB, 0 %
2026/10/07 03:50:09.624, 4 MiB, 0 %
2026/10/07 03:50:11.624, 4 MiB, 0 %
2026/10/07 03:50:13.625, 4 MiB, 0 %
2026/10/07 03:50:15.625, 4 MiB, 0 %
2026/10/07 03:50:17.627, 4 MiB, 0 %
2026/10/07 03:50:19.628, 4 MiB, 0 %
2026/10/07 03:50:21.631, 4 MiB, 0 %
2026/10/07 03:50:23.632, 8209 MiB, 0 %
2026/10/07 03:50:25.634, 8209 MiB, 6 %
2026/10/07 03:50:27.636, 8209 MiB, 0 %
2026/10/07 03:50:29.638, 8209 MiB, 0 %
2026/10/07 03:50:31.640, 8209 MiB, 0 %
2026/10/07 03:50:33.643, 8209 MiB, 0 %
2026/10/07 03:50:35.649, 8209 MiB, 0 %
2026/10/07 03:50:37.651, 8209 MiB, 0 %
2026/10/07 03:50:39.654, 8209 MiB, 0 %
2026/10/07 03:50:41.656, 8209 MiB, 0 %
2026/10/07 03:50:43.658, 8209 MiB, 0 %
2026/10/07 03:50:45.659, 8209 MiB, 0 %
2026/10/07 03:50:47.662, 8405 MiB, 1 %
2026/10/07 03:50:49.663, 8809 MiB, 0 %
2026/10/07 03:50:51.665, 8809 MiB, 0 %
2026/10/07 03:50:53.668, 8809 MiB, 0 %
2026/10/07 03:50:55.670, 8809 MiB, 0 %
2026/10/07 03:50:57.672, 8809 MiB, 0 %
2026/10/07 03:50:59.675, 8809 MiB, 0 %
2026/10/07 03:51:01.677, 8809 MiB, 0 %
2026/10/07 03:51:03.679, 8809 MiB, 0 %
2026/10/07 03:51:05.684, 8809 MiB, 0 %
2026/10/07 03:51:07.685, 8809 MiB, 0 %
2026/10/07 03:51:09.687, 8879 MiB, 0 %
2026/10/07 03:51:11.688, 10059 MiB, 0 %
2026/10/07 03:51:13.689, 10059 MiB, 0 %
2026/10/07 03:51:15.692, 10059 MiB, 0 %
2026/10/07 03:51:17.695, 10059 MiB, 0 %
2026/10/07 03:51:19.697, 10059 MiB, 0 %
2026/10/07 03:51:21.698, 10059 MiB, 0 %
2026/10/07 03:51:23.700, 10059 MiB, 0 %
2026/10/07 03:51:25.703, 10059 MiB, 0 %
2026/10/07 03:51:27.705, 16939 MiB, 0 %
2026/10/07 03:51:29.706, 16939 MiB, 10 %
2026/10/07 03:51:31.707, 16701 MiB, 0 %
2026/10/07 03:51:33.708, 16701 MiB, 0 %
2026/10/07 03:51:35.712, 16701 MiB, 0 %
2026/10/07 03:51:37.713, 16701 MiB, 0 %
2026/10/07 03:51:39.718, 16701 MiB, 0 %
2026/10/07 03:51:41.718, 16701 MiB, 0 %
2026/10/07 03:51:43.719, 16701 MiB, 0 %
2026/10/07 03:51:45.720, 16701 MiB, 0 %
2026/10/07 03:51:47.721, 16701 MiB, 0 %
2026/10/07 03:51:49.722, 16701 MiB, 0 %
2026/10/07 03:51:51.725, 16701 MiB, 0 %
2026/10/07 03:51:53.727, 16701 MiB, 0 %
2026/10/07 03:51:55.728, 16701 MiB, 0 %
2026/10/07 03:51:57.730, 16861 MiB, 0 %
2026/10/07 03:51:59.731, 16901 MiB, 89 %
2026/10/07 03:52:01.732, 16901 MiB, 48 %
2026/10/07 03:52:03.732, 16901 MiB, 0 %
2026/10/07 03:52:05.739, 16703 MiB, 0 %
2026/10/07 03:52:07.741, 16703 MiB, 0 %
2026/10/07 03:52:09.744, 17483 MiB, 0 %
2026/10/07 03:52:11.745, 17483 MiB, 0 %
2026/10/07 03:52:13.746, 17483 MiB, 0 %
2026/10/07 03:52:15.748, 17483 MiB, 0 %
2026/10/07 03:52:17.750, 17483 MiB, 0 %
2026/10/07 03:52:19.752, 17483 MiB, 0 %
2026/10/07 03:52:21.753, 17483 MiB, 0 %
2026/10/07 03:52:23.755, 17549 MiB, 0 %
2026/10/07 03:52:25.758, 32369 MiB, 0 %
2026/10/07 03:52:27.760, 32791 MiB, 0 %
2026/10/07 03:52:29.762, 32623 MiB, 16 %
2026/10/07 03:52:31.765, 32903 MiB, 0 %
2026/10/07 03:52:33.767, 32963 MiB, 0 %
2026/10/07 03:52:35.769, 32963 MiB, 0 %
2026/10/07 03:52:37.772, 32963 MiB, 0 %
2026/10/07 03:52:39.774, 32965 MiB, 0 %
2026/10/07 03:52:41.776, 32965 MiB, 0 %
2026/10/07 03:52:43.778, 32965 MiB, 0 %
2026/10/07 03:52:45.780, 32965 MiB, 0 %
2026/10/07 03:52:47.782, 32965 MiB, 0 %
2026/10/07 03:52:49.784, 32965 MiB, 0 %
2026/10/07 03:52:51.787, 33307 MiB, 34 %
2026/10/07 03:52:53.790, 33307 MiB, 100 %
2026/10/07 03:52:55.792, 33307 MiB, 100 %
2026/10/07 03:52:57.794, 33307 MiB, 100 %
2026/10/07 03:52:59.796, 33307 MiB, 100 %
2026/10/07 03:53:01.799, 33307 MiB, 99 %
2026/10/07 03:53:03.801, 33307 MiB, 100 %
2026/10/07 03:53:05.815, 33307 MiB, 100 %
2026/10/07 03:53:07.816, 33309 MiB, 95 %
2026/10/07 03:53:09.818, 33309 MiB, 100 %
2026/10/07 03:53:11.819, 33309 MiB, 100 %
2026/10/07 03:53:13.821, 33309 MiB, 100 %
2026/10/07 03:53:15.823, 33309 MiB, 100 %
2026/10/07 03:53:17.824, 33309 MiB, 100 %
2026/10/07 03:53:19.826, 33309 MiB, 100 %
2026/10/07 03:53:21.829, 33309 MiB, 100 %
2026/10/07 03:53:23.831, 33309 MiB, 100 %
2026/10/07 03:53:25.833, 33309 MiB, 100 %
2026/10/07 03:53:27.836, 33309 MiB, 100 %
2026/10/07 03:53:29.839, 33309 MiB, 100 %
2026/10/07 03:53:31.841, 33309 MiB, 96 %
2026/10/07 03:53:33.843, 33309 MiB, 100 %
2026/10/07 03:53:35.848, 33309 MiB, 100 %
2026/10/07 03:53:37.850, 33309 MiB, 100 %
2026/10/07 03:53:39.852, 33309 MiB, 100 %
2026/10/07 03:53:41.855, 33309 MiB, 100 %
2026/10/07 03:53:43.856, 33309 MiB, 100 %
2026/10/07 03:53:45.859, 33309 MiB, 100 %
2026/10/07 03:53:47.861, 33309 MiB, 100 %
2026/10/07 03:53:49.864, 33309 MiB, 89 %
2026/10/07 03:53:51.867, 33309 MiB, 100 %
2026/10/07 03:53:53.869, 33309 MiB, 94 %
2026/10/07 03:53:55.872, 33309 MiB, 100 %
2026/10/07 03:53:57.874, 33309 MiB, 100 %
2026/10/07 03:53:59.876, 33309 MiB, 100 %
2026/10/07 03:54:01.878, 33309 MiB, 100 %
2026/10/07 03:54:03.880, 33309 MiB, 100 %
2026/10/07 03:54:05.883, 33309 MiB, 100 %
2026/10/07 03:54:07.886, 33309 MiB, 100 %
2026/10/07 03:54:09.889, 33309 MiB, 100 %
2026/10/07 03:54:11.890, 33309 MiB, 46 %
2026/10/07 03:54:13.893, 33309 MiB, 100 %
2026/10/07 03:54:15.895, 33309 MiB, 100 %
2026/10/07 03:54:17.897, 33309 MiB, 100 %
2026/10/07 03:54:19.899, 33309 MiB, 100 %
2026/10/07 03:54:21.902, 33309 MiB, 100 %
2026/10/07 03:54:23.905, 33309 MiB, 100 %
2026/10/07 03:54:25.905, 33309 MiB, 100 %
2026/10/07 03:54:27.906, 33309 MiB, 69 %
2026/10/07 03:54:29.908, 33309 MiB, 100 %
2026/10/07 03:54:31.910, 33309 MiB, 100 %
2026/10/07 03:54:33.913, 33309 MiB, 100 %
2026/10/07 03:54:35.916, 33309 MiB, 0 %
2026/10/07 03:54:37.918, 33309 MiB, 51 %
2026/10/07 03:54:39.922, 33309 MiB, 100 %
2026/10/07 03:54:41.924, 33309 MiB, 100 %
2026/10/07 03:54:43.927, 33309 MiB, 71 %
2026/10/07 03:54:45.929, 33309 MiB, 100 %
2026/10/07 03:54:47.931, 33309 MiB, 100 %
2026/10/07 03:54:49.934, 33309 MiB, 100 %
2026/10/07 03:54:51.936, 33309 MiB, 53 %
2026/10/07 03:54:53.938, 33309 MiB, 100 %
2026/10/07 03:54:55.941, 33309 MiB, 98 %
2026/10/07 03:54:57.943, 33309 MiB, 100 %
2026/10/07 03:54:59.946, 33309 MiB, 100 %
2026/10/07 03:55:01.947, 33309 MiB, 100 %
2026/10/07 03:55:03.950, 33309 MiB, 100 %
2026/10/07 03:55:05.952, 33309 MiB, 100 %
2026/10/07 03:55:07.954, 33309 MiB, 100 %
2026/10/07 03:55:09.956, 33309 MiB, 100 %
2026/10/07 03:55:11.958, 33309 MiB, 100 %
2026/10/07 03:55:13.961, 33309 MiB, 100 %
2026/10/07 03:55:15.962, 33309 MiB, 100 %
2026/10/07 03:55:17.965, 33309 MiB, 0 %
2026/10/07 03:55:19.966, 33309 MiB, 100 %
2026/10/07 03:55:21.968, 33309 MiB, 100 %
2026/10/07 03:55:23.970, 33309 MiB, 100 %
2026/10/07 03:55:25.973, 33309 MiB, 100 %
2026/10/07 03:55:27.976, 33309 MiB, 0 %
2026/10/07 03:55:29.978, 33309 MiB, 100 %
2026/10/07 03:55:31.981, 33309 MiB, 100 %
2026/10/07 03:55:33.983, 33309 MiB, 100 %
2026/10/07 03:55:35.985, 33309 MiB, 100 %
2026/10/07 03:55:37.986, 33309 MiB, 100 %
2026/10/07 03:55:39.989, 33309 MiB, 100 %
2026/10/07 03:55:41.991, 33309 MiB, 100 %
2026/10/07 03:55:43.994, 33309 MiB, 100 %
2026/10/07 03:55:45.997, 33309 MiB, 100 %
2026/10/07 03:55:47.997, 33309 MiB, 97 %
2026/10/07 03:55:50.000, 33309 MiB, 100 %
2026/10/07 03:55:52.003, 33309 MiB, 100 %
2026/10/07 03:55:54.006, 33309 MiB, 100 %
2026/10/07 03:55:56.008, 33309 MiB, 100 %
2026/10/07 03:55:58.009, 33309 MiB, 100 %
2026/10/07 03:56:00.010, 33309 MiB, 100 %
2026/10/07 03:56:02.011, 33309 MiB, 100 %
2026/10/07 03:56:04.012, 33309 MiB, 100 %
2026/10/07 03:56:06.014, 33309 MiB, 100 %
2026/10/07 03:56:08.016, 33309 MiB, 100 %
2026/10/07 03:56:10.017, 33309 MiB, 100 %
2026/10/07 03:56:12.018, 33309 MiB, 100 %
2026/10/07 03:56:14.019, 33309 MiB, 71 %
2026/10/07 03:56:16.020, 33309 MiB, 100 %
2026/10/07 03:56:18.022, 33309 MiB, 0 %
2026/10/07 03:56:20.023, 33449 MiB, 2 %
2026/10/07 03:56:22.025, 52431 MiB, 100 %
2026/10/07 03:56:24.027, 52431 MiB, 100 %
2026/10/07 03:56:26.029, 52431 MiB, 100 %
2026/10/07 03:56:28.032, 52431 MiB, 100 %
2026/10/07 03:56:30.035, 52431 MiB, 100 %
2026/10/07 03:56:32.037, 52431 MiB, 100 %
2026/10/07 03:56:34.040, 52431 MiB, 100 %
2026/10/07 03:56:36.043, 52431 MiB, 100 %
2026/10/07 03:56:38.046, 52431 MiB, 100 %
2026/10/07 03:56:40.048, 52431 MiB, 100 %
2026/10/07 03:56:42.050, 52431 MiB, 100 %
2026/10/07 03:56:44.052, 52431 MiB, 100 %
2026/10/07 03:56:46.054, 52431 MiB, 100 %
2026/10/07 03:56:48.055, 52431 MiB, 100 %
2026/10/07 03:56:50.057, 52431 MiB, 100 %
2026/10/07 03:56:52.059, 52431 MiB, 100 %
2026/10/07 03:56:54.062, 52431 MiB, 100 %
2026/10/07 03:56:56.065, 52431 MiB, 100 %
2026/10/07 03:56:58.067, 52431 MiB, 100 %
2026/10/07 03:57:00.069, 52431 MiB, 100 %
2026/10/07 03:57:02.070, 52433 MiB, 100 %
2026/10/07 03:57:04.073, 52433 MiB, 100 %
2026/10/07 03:57:06.078, 52433 MiB, 100 %
2026/10/07 03:57:08.080, 52433 MiB, 100 %
2026/10/07 03:57:10.082, 52433 MiB, 100 %
2026/10/07 03:57:12.085, 52433 MiB, 100 %
2026/10/07 03:57:14.087, 52433 MiB, 100 %
2026/10/07 03:57:16.090, 52433 MiB, 100 %
2026/10/07 03:57:18.093, 52433 MiB, 100 %
2026/10/07 03:57:20.095, 52433 MiB, 100 %
2026/10/07 03:57:22.098, 52433 MiB, 100 %
2026/10/07 03:57:24.101, 52433 MiB, 100 %
2026/10/07 03:57:26.104, 52433 MiB, 100 %
2026/10/07 03:57:28.105, 52433 MiB, 100 %
2026/10/07 03:57:30.105, 52433 MiB, 100 %
2026/10/07 03:57:32.106, 52433 MiB, 100 %
2026/10/07 03:57:34.107, 52433 MiB, 100 %
2026/10/07 03:57:36.112, 52433 MiB, 100 %
2026/10/07 03:57:38.114, 52433 MiB, 100 %
2026/10/07 03:57:40.116, 52433 MiB, 100 %
2026/10/07 03:57:42.116, 52433 MiB, 100 %
2026/10/07 03:57:44.119, 52433 MiB, 100 %
2026/10/07 03:57:46.120, 52433 MiB, 100 %
2026/10/07 03:57:48.121, 52433 MiB, 100 %
2026/10/07 03:57:50.122, 52433 MiB, 100 %
2026/10/07 03:57:52.124, 52433 MiB, 100 %
2026/10/07 03:57:54.125, 52433 MiB, 100 %
2026/10/07 03:57:56.128, 52433 MiB, 100 %
2026/10/07 03:57:58.130, 52433 MiB, 100 %
2026/10/07 03:58:00.132, 52433 MiB, 100 %
2026/10/07 03:58:02.134, 52433 MiB, 100 %
2026/10/07 03:58:04.136, 52433 MiB, 100 %
2026/10/07 03:58:06.140, 52433 MiB, 100 %
2026/10/07 03:58:08.142, 52433 MiB, 100 %
2026/10/07 03:58:10.145, 52433 MiB, 100 %
2026/10/07 03:58:12.147, 52433 MiB, 100 %
2026/10/07 03:58:14.149, 52433 MiB, 100 %
2026/10/07 03:58:16.151, 52433 MiB, 100 %
2026/10/07 03:58:18.152, 52433 MiB, 100 %
2026/10/07 03:58:20.154, 52433 MiB, 100 %
2026/10/07 03:58:22.155, 52435 MiB, 100 %
2026/10/07 03:58:24.157, 52435 MiB, 100 %
2026/10/07 03:58:26.160, 52435 MiB, 100 %
2026/10/07 03:58:28.162, 52435 MiB, 100 %
2026/10/07 03:58:30.164, 52435 MiB, 100 %
2026/10/07 03:58:32.167, 52435 MiB, 100 %
2026/10/07 03:58:34.170, 52435 MiB, 100 %
2026/10/07 03:58:36.173, 52435 MiB, 100 %
2026/10/07 03:58:38.176, 52435 MiB, 100 %
2026/10/07 03:58:40.178, 52435 MiB, 100 %
2026/10/07 03:58:42.179, 52435 MiB, 100 %
2026/10/07 03:58:44.181, 52435 MiB, 100 %
2026/10/07 03:58:46.184, 52435 MiB, 100 %
2026/10/07 03:58:48.186, 52435 MiB, 100 %
2026/10/07 03:58:50.188, 52435 MiB, 100 %
2026/10/07 03:58:52.190, 52435 MiB, 100 %
2026/10/07 03:58:54.193, 52435 MiB, 100 %
2026/10/07 03:58:56.194, 52435 MiB, 100 %
2026/10/07 03:58:58.197, 52435 MiB, 100 %
2026/10/07 03:59:00.199, 52435 MiB, 100 %
2026/10/07 03:59:02.201, 52435 MiB, 100 %
2026/10/07 03:59:04.203, 52435 MiB, 100 %
2026/10/07 03:59:06.217, 52435 MiB, 100 %
2026/10/07 03:59:08.218, 52435 MiB, 100 %
2026/10/07 03:59:10.219, 52435 MiB, 100 %
2026/10/07 03:59:12.220, 52435 MiB, 100 %
2026/10/07 03:59:14.221, 52435 MiB, 100 %
2026/10/07 03:59:16.222, 52435 MiB, 100 %
2026/10/07 03:59:18.225, 52435 MiB, 100 %
2026/10/07 03:59:20.227, 52435 MiB, 100 %
2026/10/07 03:59:22.230, 52435 MiB, 100 %
2026/10/07 03:59:24.232, 52437 MiB, 100 %
2026/10/07 03:59:26.234, 52577 MiB, 100 %
2026/10/07 03:59:28.235, 52749 MiB, 100 %
2026/10/07 03:59:30.238, 52749 MiB, 90 %
2026/10/07 03:59:32.240, 54171 MiB, 94 %
2026/10/07 03:59:34.244, 57991 MiB, 100 %
2026/10/07 03:59:36.248, 57993 MiB, 100 %
2026/10/07 03:59:38.252, 57993 MiB, 100 %
2026/10/07 03:59:40.253, 57993 MiB, 100 %
2026/10/07 03:59:42.256, 57993 MiB, 100 %
2026/10/07 03:59:44.257, 57993 MiB, 100 %
2026/10/07 03:59:46.259, 57993 MiB, 100 %
2026/10/07 03:59:48.260, 57993 MiB, 100 %
2026/10/07 03:59:50.263, 57993 MiB, 100 %
2026/10/07 03:59:52.266, 57993 MiB, 100 %
2026/10/07 03:59:54.267, 57993 MiB, 100 %
2026/10/07 03:59:56.269, 57993 MiB, 55 %
2026/10/07 03:59:58.272, 57993 MiB, 98 %
2026/10/07 04:00:00.275, 57993 MiB, 100 %
2026/10/07 04:00:02.277, 57993 MiB, 100 %
2026/10/07 04:00:04.279, 57993 MiB, 100 %
2026/10/07 04:00:06.286, 58035 MiB, 100 %
2026/10/07 04:00:08.289, 58521 MiB, 100 %
2026/10/07 04:00:10.291, 57999 MiB, 97 %
2026/10/07 04:00:12.294, 57999 MiB, 100 %
2026/10/07 04:00:14.297, 57999 MiB, 97 %
2026/10/07 04:00:16.299, 57999 MiB, 100 %
2026/10/07 04:00:18.302, 57999 MiB, 100 %
2026/10/07 04:00:20.304, 57999 MiB, 100 %
2026/10/07 04:00:22.305, 57999 MiB, 92 %
2026/10/07 04:00:24.306, 57999 MiB, 100 %
2026/10/07 04:00:26.306, 57999 MiB, 100 %
2026/10/07 04:00:28.307, 57999 MiB, 100 %
2026/10/07 04:00:30.310, 57999 MiB, 100 %
2026/10/07 04:00:32.312, 57999 MiB, 100 %
2026/10/07 04:00:34.314, 57999 MiB, 100 %
2026/10/07 04:00:36.315, 57999 MiB, 91 %
2026/10/07 04:00:38.316, 59099 MiB, 100 %
2026/10/07 04:00:40.318, 59099 MiB, 100 %
2026/10/07 04:00:42.319, 59099 MiB, 97 %
2026/10/07 04:00:44.319, 59099 MiB, 91 %
2026/10/07 04:00:46.322, 59099 MiB, 100 %
2026/10/07 04:00:48.322, 59099 MiB, 100 %
2026/10/07 04:00:50.324, 59099 MiB, 100 %
2026/10/07 04:00:52.326, 59099 MiB, 100 %
2026/10/07 04:00:54.327, 59099 MiB, 97 %
2026/10/07 04:00:56.329, 59099 MiB, 100 %
2026/10/07 04:00:58.332, 59099 MiB, 100 %
2026/10/07 04:01:00.335, 59099 MiB, 100 %
2026/10/07 04:01:02.337, 59099 MiB, 100 %
2026/10/07 04:01:04.340, 59099 MiB, 100 %
2026/10/07 04:01:06.343, 59099 MiB, 100 %
2026/10/07 04:01:08.346, 59099 MiB, 100 %
2026/10/07 04:01:10.348, 59099 MiB, 100 %
2026/10/07 04:01:12.350, 59099 MiB, 100 %
2026/10/07 04:01:14.353, 59099 MiB, 96 %
2026/10/07 04:01:16.354, 59099 MiB, 96 %
2026/10/07 04:01:18.357, 59099 MiB, 100 %
2026/10/07 04:01:20.360, 59099 MiB, 100 %
2026/10/07 04:01:22.362, 59099 MiB, 100 %
2026/10/07 04:01:24.365, 59099 MiB, 100 %
2026/10/07 04:01:26.367, 59099 MiB, 100 %
2026/10/07 04:01:28.370, 59099 MiB, 100 %
2026/10/07 04:01:30.371, 59099 MiB, 100 %
2026/10/07 04:01:32.374, 59099 MiB, 100 %
2026/10/07 04:01:34.376, 59099 MiB, 100 %
2026/10/07 04:01:36.379, 59099 MiB, 100 %
2026/10/07 04:01:38.382, 59099 MiB, 100 %
2026/10/07 04:01:40.384, 59099 MiB, 100 %
2026/10/07 04:01:42.387, 59099 MiB, 100 %
2026/10/07 04:01:44.390, 59099 MiB, 100 %
2026/10/07 04:01:46.393, 59099 MiB, 100 %
2026/10/07 04:01:48.395, 59099 MiB, 88 %
2026/10/07 04:01:50.398, 59099 MiB, 100 %
2026/10/07 04:01:52.401, 59099 MiB, 100 %
2026/10/07 04:01:54.404, 59099 MiB, 100 %
2026/10/07 04:01:56.406, 59099 MiB, 100 %
2026/10/07 04:01:58.408, 59099 MiB, 100 %
2026/10/07 04:02:00.410, 59099 MiB, 91 %
2026/10/07 04:02:02.411, 59099 MiB, 100 %
2026/10/07 04:02:04.411, 59099 MiB, 96 %
2026/10/07 04:02:06.417, 61519 MiB, 100 %
2026/10/07 04:02:08.419, 61625 MiB, 100 %
2026/10/07 04:02:10.419, 61883 MiB, 48 %
2026/10/07 04:02:12.420, 61883 MiB, 100 %
2026/10/07 04:02:14.423, 61883 MiB, 0 %
2026/10/07 04:02:16.426, 61883 MiB, 100 %
2026/10/07 04:02:18.427, 61883 MiB, 100 %
2026/10/07 04:02:20.430, 61883 MiB, 100 %
2026/10/07 04:02:22.432, 61883 MiB, 100 %
2026/10/07 04:02:24.434, 61883 MiB, 100 %
2026/10/07 04:02:26.437, 61883 MiB, 100 %
2026/10/07 04:02:28.440, 61883 MiB, 100 %
2026/10/07 04:02:30.442, 61883 MiB, 100 %
2026/10/07 04:02:32.444, 61883 MiB, 100 %
2026/10/07 04:02:34.446, 61883 MiB, 100 %
2026/10/07 04:02:36.449, 61883 MiB, 100 %
2026/10/07 04:02:38.451, 61883 MiB, 100 %
2026/10/07 04:02:40.454, 61883 MiB, 100 %
2026/10/07 04:02:42.457, 61883 MiB, 0 %
2026/10/07 04:02:44.460, 61883 MiB, 100 %
2026/10/07 04:02:46.462, 61883 MiB, 100 %
2026/10/07 04:02:48.465, 61883 MiB, 100 %
2026/10/07 04:02:50.467, 61883 MiB, 100 %
2026/10/07 04:02:52.469, 61883 MiB, 100 %
2026/10/07 04:02:54.472, 61883 MiB, 21 %
2026/10/07 04:02:56.474, 61883 MiB, 100 %
2026/10/07 04:02:58.476, 61883 MiB, 100 %
2026/10/07 04:03:00.478, 61883 MiB, 36 %
2026/10/07 04:03:02.481, 61883 MiB, 100 %
2026/10/07 04:03:04.484, 61883 MiB, 100 %
2026/10/07 04:03:06.488, 61883 MiB, 100 %
2026/10/07 04:03:08.489, 61883 MiB, 0 %
2026/10/07 04:03:10.491, 61883 MiB, 1 %
2026/10/07 04:03:12.491, 61883 MiB, 100 %
2026/10/07 04:03:14.493, 61883 MiB, 100 %
2026/10/07 04:03:16.494, 61883 MiB, 100 %
2026/10/07 04:03:18.496, 61883 MiB, 100 %
2026/10/07 04:03:20.499, 61883 MiB, 100 %
2026/10/07 04:03:22.501, 61883 MiB, 100 %
2026/10/07 04:03:24.503, 61883 MiB, 100 %
2026/10/07 04:03:26.504, 61883 MiB, 100 %
2026/10/07 04:03:28.505, 61883 MiB, 100 %
2026/10/07 04:03:30.506, 61883 MiB, 100 %
2026/10/07 04:03:32.506, 61883 MiB, 100 %
2026/10/07 04:03:34.508, 61883 MiB, 100 %
2026/10/07 04:03:36.512, 61883 MiB, 100 %
2026/10/07 04:03:38.513, 61883 MiB, 100 %
2026/10/07 04:03:40.514, 61883 MiB, 100 %
2026/10/07 04:03:42.516, 61883 MiB, 100 %
2026/10/07 04:03:44.517, 61883 MiB, 100 %
2026/10/07 04:03:46.518, 61883 MiB, 100 %
2026/10/07 04:03:48.519, 61883 MiB, 100 %
2026/10/07 04:03:50.520, 61883 MiB, 100 %
2026/10/07 04:03:52.521, 61883 MiB, 100 %
2026/10/07 04:03:54.524, 61883 MiB, 100 %
2026/10/07 04:03:56.524, 61883 MiB, 100 %
2026/10/07 04:03:58.527, 61883 MiB, 100 %
2026/10/07 04:04:00.528, 61883 MiB, 100 %
2026/10/07 04:04:02.529, 61883 MiB, 100 %
2026/10/07 04:04:04.530, 61883 MiB, 100 %
2026/10/07 04:04:06.531, 61883 MiB, 100 %
2026/10/07 04:04:08.534, 61883 MiB, 100 %
2026/10/07 04:04:10.534, 61883 MiB, 100 %
2026/10/07 04:04:12.537, 61883 MiB, 100 %
2026/10/07 04:04:14.539, 61883 MiB, 100 %
2026/10/07 04:04:16.540, 61883 MiB, 100 %
2026/10/07 04:04:18.542, 61883 MiB, 100 %
2026/10/07 04:04:20.545, 61883 MiB, 100 %
2026/10/07 04:04:22.547, 61883 MiB, 100 %
2026/10/07 04:04:24.549, 61883 MiB, 100 %
2026/10/07 04:04:26.551, 61883 MiB, 100 %
2026/10/07 04:04:28.553, 61883 MiB, 100 %
2026/10/07 04:04:30.562, 61883 MiB, 100 %
2026/10/07 04:04:32.564, 61883 MiB, 100 %
2026/10/07 04:04:34.567, 61883 MiB, 100 %
2026/10/07 04:04:36.567, 61883 MiB, 100 %
2026/10/07 04:04:38.568, 61883 MiB, 100 %
2026/10/07 04:04:40.571, 61883 MiB, 100 %
2026/10/07 04:04:42.574, 61883 MiB, 100 %
2026/10/07 04:04:44.576, 61883 MiB, 100 %
2026/10/07 04:04:46.579, 61883 MiB, 100 %
2026/10/07 04:04:48.581, 61883 MiB, 100 %
2026/10/07 04:04:50.585, 61883 MiB, 100 %
2026/10/07 04:04:52.587, 61883 MiB, 100 %
2026/10/07 04:04:54.588, 61883 MiB, 100 %
2026/10/07 04:04:56.590, 61883 MiB, 100 %
2026/10/07 04:04:58.593, 61883 MiB, 100 %
2026/10/07 04:05:00.594, 61883 MiB, 100 %
2026/10/07 04:05:02.596, 61883 MiB, 100 %
2026/10/07 04:05:04.598, 61883 MiB, 100 %
2026/10/07 04:05:06.600, 61883 MiB, 100 %
2026/10/07 04:05:08.602, 61883 MiB, 100 %
2026/10/07 04:05:10.605, 61883 MiB, 100 %
2026/10/07 04:05:12.608, 61883 MiB, 100 %
2026/10/07 04:05:14.609, 61883 MiB, 100 %
2026/10/07 04:05:16.609, 61883 MiB, 100 %
2026/10/07 04:05:18.610, 61883 MiB, 100 %
2026/10/07 04:05:20.611, 61883 MiB, 100 %
2026/10/07 04:05:22.612, 61883 MiB, 100 %
2026/10/07 04:05:24.613, 61883 MiB, 100 %
2026/10/07 04:05:26.614, 61883 MiB, 100 %
2026/10/07 04:05:28.615, 61883 MiB, 100 %
2026/10/07 04:05:30.618, 61883 MiB, 100 %
2026/10/07 04:05:32.619, 61883 MiB, 100 %
2026/10/07 04:05:34.619, 61883 MiB, 100 %
2026/10/07 04:05:36.622, 61883 MiB, 100 %
2026/10/07 04:05:38.622, 61883 MiB, 100 %
2026/10/07 04:05:40.623, 61883 MiB, 100 %
2026/10/07 04:05:42.624, 61883 MiB, 100 %
2026/10/07 04:05:44.626, 61883 MiB, 100 %
2026/10/07 04:05:46.627, 61883 MiB, 100 %
2026/10/07 04:05:48.628, 61883 MiB, 100 %
2026/10/07 04:05:50.629, 61883 MiB, 100 %
2026/10/07 04:05:52.631, 61883 MiB, 100 %
2026/10/07 04:05:54.632, 61883 MiB, 100 %
2026/10/07 04:05:56.635, 61883 MiB, 100 %
2026/10/07 04:05:58.636, 61883 MiB, 100 %
2026/10/07 04:06:00.638, 61883 MiB, 100 %
2026/10/07 04:06:02.640, 61883 MiB, 100 %
2026/10/07 04:06:04.642, 61883 MiB, 100 %
2026/10/07 04:06:06.653, 62009 MiB, 100 %
2026/10/07 04:06:08.654, 62011 MiB, 100 %
2026/10/07 04:06:10.656, 62011 MiB, 96 %
2026/10/07 04:06:12.753, 62011 MiB, 100 %
2026/10/07 04:06:14.793, 62011 MiB, 100 %
2026/10/07 04:06:16.796, 62011 MiB, 100 %
2026/10/07 04:06:18.799, 62011 MiB, 100 %
2026/10/07 04:06:20.806, 62011 MiB, 100 %
2026/10/07 04:06:22.808, 62011 MiB, 100 %
2026/10/07 04:06:24.927, 62011 MiB, 100 %
2026/10/07 04:06:26.936, 62011 MiB, 100 %
2026/10/07 04:06:28.938, 62011 MiB, 88 %
2026/10/07 04:06:30.941, 62011 MiB, 86 %
2026/10/07 04:06:32.944, 62011 MiB, 99 %
2026/10/07 04:06:34.993, 62011 MiB, 89 %
2026/10/07 04:06:37.001, 62011 MiB, 99 %
2026/10/07 04:06:39.003, 62011 MiB, 100 %
2026/10/07 04:06:41.014, 62011 MiB, 99 %
2026/10/07 04:06:43.037, 62013 MiB, 99 %
2026/10/07 04:06:45.040, 62013 MiB, 96 %
2026/10/07 04:06:47.043, 62013 MiB, 100 %
2026/10/07 04:06:49.045, 62013 MiB, 99 %
2026/10/07 04:06:51.047, 62013 MiB, 100 %
2026/10/07 04:06:53.049, 62013 MiB, 100 %
2026/10/07 04:06:55.052, 62013 MiB, 100 %
2026/10/07 04:06:57.054, 62015 MiB, 100 %
2026/10/07 04:06:59.082, 62015 MiB, 95 %
2026/10/07 04:07:01.088, 62015 MiB, 99 %
2026/10/07 04:07:03.091, 62015 MiB, 99 %
2026/10/07 04:07:05.093, 62015 MiB, 99 %
2026/10/07 04:07:07.103, 62015 MiB, 99 %
2026/10/07 04:07:09.131, 62015 MiB, 100 %
2026/10/07 04:07:11.133, 62015 MiB, 100 %
2026/10/07 04:07:13.136, 62015 MiB, 100 %
2026/10/07 04:07:15.137, 62015 MiB, 100 %
2026/10/07 04:07:17.139, 62015 MiB, 100 %
2026/10/07 04:07:19.142, 62015 MiB, 90 %
2026/10/07 04:07:21.145, 62015 MiB, 100 %
2026/10/07 04:07:23.147, 62015 MiB, 100 %
2026/10/07 04:07:25.150, 62015 MiB, 92 %
2026/10/07 04:07:27.153, 62015 MiB, 100 %
2026/10/07 04:07:29.153, 62015 MiB, 100 %
2026/10/07 04:07:31.154, 62015 MiB, 100 %
2026/10/07 04:07:33.155, 62015 MiB, 100 %
2026/10/07 04:07:35.158, 62015 MiB, 100 %
2026/10/07 04:07:37.164, 62015 MiB, 100 %
2026/10/07 04:07:39.165, 62015 MiB, 96 %
2026/10/07 04:07:41.168, 62015 MiB, 100 %
2026/10/07 04:07:43.169, 62015 MiB, 100 %
2026/10/07 04:07:45.170, 62015 MiB, 100 %
2026/10/07 04:07:47.171, 62015 MiB, 92 %
2026/10/07 04:07:49.172, 62015 MiB, 100 %
2026/10/07 04:07:51.174, 62015 MiB, 100 %
2026/10/07 04:07:53.178, 62015 MiB, 100 %
2026/10/07 04:07:55.180, 62015 MiB, 100 %
2026/10/07 04:07:57.202, 62015 MiB, 98 %
2026/10/07 04:07:59.242, 62015 MiB, 100 %
2026/10/07 04:08:01.244, 62015 MiB, 96 %
2026/10/07 04:08:03.246, 62015 MiB, 100 %
2026/10/07 04:08:05.251, 62015 MiB, 100 %
2026/10/07 04:08:07.255, 62015 MiB, 99 %
2026/10/07 04:08:09.256, 62015 MiB, 99 %
2026/10/07 04:08:11.257, 62015 MiB, 100 %
2026/10/07 04:08:13.260, 62017 MiB, 100 %
2026/10/07 04:08:15.261, 62017 MiB, 100 %
2026/10/07 04:08:17.263, 62017 MiB, 99 %
2026/10/07 04:08:19.264, 62017 MiB, 100 %
2026/10/07 04:08:21.266, 62017 MiB, 93 %
2026/10/07 04:08:23.268, 62017 MiB, 87 %
2026/10/07 04:08:25.269, 62017 MiB, 100 %
2026/10/07 04:08:27.272, 62017 MiB, 100 %
2026/10/07 04:08:29.298, 62017 MiB, 100 %
2026/10/07 04:08:31.301, 62017 MiB, 100 %
2026/10/07 04:08:33.303, 62017 MiB, 100 %
2026/10/07 04:08:35.304, 62017 MiB, 100 %
2026/10/07 04:08:37.357, 62017 MiB, 99 %
2026/10/07 04:08:39.367, 62017 MiB, 100 %
2026/10/07 04:08:41.369, 62017 MiB, 100 %
2026/10/07 04:08:43.370, 62017 MiB, 5 %
2026/10/07 04:08:45.373, 62017 MiB, 99 %
2026/10/07 04:08:47.376, 62017 MiB, 100 %
2026/10/07 04:08:49.377, 62017 MiB, 100 %
2026/10/07 04:08:51.378, 62017 MiB, 99 %
2026/10/07 04:08:53.381, 62017 MiB, 100 %
2026/10/07 04:08:55.382, 62017 MiB, 100 %
2026/10/07 04:08:57.384, 62017 MiB, 0 %
2026/10/07 04:08:59.385, 62017 MiB, 100 %
2026/10/07 04:09:01.388, 62017 MiB, 100 %
2026/10/07 04:09:03.389, 62017 MiB, 100 %
2026/10/07 04:09:05.391, 62017 MiB, 100 %
2026/10/07 04:09:07.513, 62017 MiB, 48 %
2026/10/07 04:09:09.515, 62017 MiB, 100 %
2026/10/07 04:09:11.517, 62017 MiB, 100 %
2026/10/07 04:09:13.518, 62017 MiB, 99 %
2026/10/07 04:09:15.519, 62017 MiB, 100 %
2026/10/07 04:09:17.521, 62017 MiB, 100 %
2026/10/07 04:09:19.526, 62017 MiB, 100 %
2026/10/07 04:09:21.527, 62017 MiB, 79 %
2026/10/07 04:09:23.528, 62017 MiB, 100 %
2026/10/07 04:09:25.529, 62017 MiB, 100 %
2026/10/07 04:09:27.530, 62017 MiB, 100 %
2026/10/07 04:09:29.531, 62017 MiB, 100 %
2026/10/07 04:09:31.533, 62017 MiB, 100 %
2026/10/07 04:09:33.536, 62017 MiB, 0 %
2026/10/07 04:09:35.538, 62017 MiB, 100 %
2026/10/07 04:09:37.542, 62017 MiB, 95 %
2026/10/07 04:09:39.544, 62017 MiB, 100 %
2026/10/07 04:09:41.545, 62017 MiB, 100 %
2026/10/07 04:09:43.547, 62017 MiB, 100 %
2026/10/07 04:09:45.549, 62017 MiB, 64 %
2026/10/07 04:09:47.552, 62017 MiB, 100 %
2026/10/07 04:09:49.554, 62017 MiB, 100 %
2026/10/07 04:09:51.556, 62017 MiB, 100 %
2026/10/07 04:09:53.558, 62017 MiB, 100 %
2026/10/07 04:09:55.561, 62017 MiB, 100 %
2026/10/07 04:09:57.563, 62017 MiB, 100 %
2026/10/07 04:09:59.564, 62017 MiB, 100 %
2026/10/07 04:10:01.565, 62017 MiB, 99 %
2026/10/07 04:10:03.567, 62017 MiB, 100 %
2026/10/07 04:10:05.568, 62017 MiB, 100 %
2026/10/07 04:10:07.573, 62017 MiB, 100 %
2026/10/07 04:10:09.575, 62017 MiB, 100 %
2026/10/07 04:10:11.577, 62017 MiB, 100 %
2026/10/07 04:10:13.579, 62017 MiB, 100 %
2026/10/07 04:10:15.581, 62017 MiB, 100 %
2026/10/07 04:10:17.582, 62017 MiB, 99 %
2026/10/07 04:10:19.588, 62017 MiB, 100 %
2026/10/07 04:10:21.626, 62017 MiB, 100 %
2026/10/07 04:10:23.630, 62017 MiB, 100 %
2026/10/07 04:10:25.632, 62017 MiB, 100 %
2026/10/07 04:10:27.646, 62017 MiB, 45 %
2026/10/07 04:10:29.648, 62017 MiB, 100 %
2026/10/07 04:10:31.650, 62017 MiB, 55 %
2026/10/07 04:10:33.653, 62017 MiB, 100 %
2026/10/07 04:10:35.655, 62017 MiB, 100 %
2026/10/07 04:10:37.660, 62017 MiB, 0 %
2026/10/07 04:10:39.662, 62017 MiB, 100 %
2026/10/07 04:10:41.664, 62017 MiB, 100 %
2026/10/07 04:10:43.667, 62017 MiB, 100 %
2026/10/07 04:10:45.670, 62017 MiB, 100 %
2026/10/07 04:10:47.672, 62017 MiB, 100 %
2026/10/07 04:10:49.675, 62017 MiB, 100 %
2026/10/07 04:10:51.677, 62017 MiB, 100 %
2026/10/07 04:10:53.680, 62017 MiB, 100 %
2026/10/07 04:10:55.681, 62017 MiB, 100 %
2026/10/07 04:10:57.684, 62017 MiB, 100 %
2026/10/07 04:10:59.686, 62017 MiB, 100 %
2026/10/07 04:11:01.688, 62017 MiB, 100 %
2026/10/07 04:11:03.690, 62017 MiB, 100 %
2026/10/07 04:11:05.691, 62017 MiB, 100 %
2026/10/07 04:11:07.695, 62017 MiB, 100 %
2026/10/07 04:11:09.696, 62017 MiB, 100 %
2026/10/07 04:11:11.697, 62017 MiB, 100 %
2026/10/07 04:11:13.698, 62017 MiB, 100 %
2026/10/07 04:11:15.699, 62017 MiB, 100 %
2026/10/07 04:11:17.701, 62017 MiB, 100 %
2026/10/07 04:11:19.703, 62017 MiB, 100 %
2026/10/07 04:11:21.704, 62017 MiB, 100 %
2026/10/07 04:11:23.707, 62017 MiB, 100 %
2026/10/07 04:11:25.709, 62017 MiB, 100 %
2026/10/07 04:11:27.709, 62017 MiB, 100 %
2026/10/07 04:11:29.713, 62017 MiB, 100 %
2026/10/07 04:11:31.714, 62017 MiB, 100 %
2026/10/07 04:11:33.715, 62017 MiB, 100 %
2026/10/07 04:11:35.719, 62017 MiB, 100 %
2026/10/07 04:11:37.723, 62017 MiB, 100 %
2026/10/07 04:11:39.724, 62017 MiB, 100 %
2026/10/07 04:11:41.726, 62017 MiB, 99 %
2026/10/07 04:11:43.727, 62017 MiB, 100 %
2026/10/07 04:11:45.729, 62017 MiB, 100 %
2026/10/07 04:11:47.731, 62017 MiB, 100 %
2026/10/07 04:11:49.732, 62017 MiB, 100 %
2026/10/07 04:11:51.733, 62017 MiB, 100 %
2026/10/07 04:11:53.736, 62017 MiB, 100 %
2026/10/07 04:11:55.737, 62017 MiB, 100 %
2026/10/07 04:11:57.740, 62017 MiB, 100 %
2026/10/07 04:11:59.743, 62017 MiB, 100 %
2026/10/07 04:12:01.745, 62017 MiB, 100 %
2026/10/07 04:12:03.747, 62017 MiB, 100 %
2026/10/07 04:12:05.750, 62017 MiB, 99 %
2026/10/07 04:12:07.752, 62017 MiB, 100 %
2026/10/07 04:12:09.755, 62017 MiB, 100 %
2026/10/07 04:12:11.757, 62017 MiB, 100 %
2026/10/07 04:12:13.758, 62017 MiB, 100 %
2026/10/07 04:12:15.760, 62017 MiB, 100 %
2026/10/07 04:12:17.760, 62017 MiB, 100 %
2026/10/07 04:12:19.763, 62017 MiB, 100 %
2026/10/07 04:12:21.764, 62017 MiB, 100 %
2026/10/07 04:12:23.767, 62017 MiB, 100 %
2026/10/07 04:12:25.770, 62017 MiB, 100 %
2026/10/07 04:12:27.772, 62017 MiB, 100 %
2026/10/07 04:12:29.775, 62017 MiB, 100 %
2026/10/07 04:12:31.777, 62017 MiB, 100 %
2026/10/07 04:12:33.779, 62017 MiB, 100 %
2026/10/07 04:12:35.781, 62017 MiB, 100 %
2026/10/07 04:12:37.783, 62017 MiB, 100 %
2026/10/07 04:12:39.785, 62017 MiB, 100 %
2026/10/07 04:12:41.787, 62017 MiB, 100 %
2026/10/07 04:12:43.790, 62017 MiB, 100 %
2026/10/07 04:12:45.792, 62017 MiB, 100 %
2026/10/07 04:12:47.795, 62017 MiB, 100 %
2026/10/07 04:12:49.798, 62017 MiB, 100 %
2026/10/07 04:12:51.800, 62017 MiB, 100 %
2026/10/07 04:12:53.801, 62017 MiB, 100 %
2026/10/07 04:12:55.803, 62017 MiB, 100 %
2026/10/07 04:12:57.805, 62017 MiB, 100 %
2026/10/07 04:12:59.806, 62017 MiB, 100 %
2026/10/07 04:13:01.806, 62017 MiB, 100 %
2026/10/07 04:13:03.807, 62017 MiB, 100 %
2026/10/07 04:13:05.809, 62017 MiB, 100 %
2026/10/07 04:13:07.814, 62017 MiB, 100 %
2026/10/07 04:13:09.815, 62017 MiB, 100 %
2026/10/07 04:13:11.818, 62017 MiB, 100 %
2026/10/07 04:13:13.821, 62017 MiB, 100 %
2026/10/07 04:13:15.824, 62017 MiB, 99 %
2026/10/07 04:13:17.825, 62017 MiB, 100 %
2026/10/07 04:13:19.827, 62017 MiB, 100 %
2026/10/07 04:13:21.829, 62017 MiB, 100 %
2026/10/07 04:13:23.832, 62017 MiB, 100 %
2026/10/07 04:13:25.834, 62017 MiB, 100 %
2026/10/07 04:13:27.836, 62017 MiB, 100 %
2026/10/07 04:13:29.839, 62017 MiB, 100 %
2026/10/07 04:13:31.841, 62017 MiB, 100 %
2026/10/07 04:13:33.842, 62017 MiB, 100 %
2026/10/07 04:13:35.845, 62017 MiB, 100 %
2026/10/07 04:13:37.848, 62017 MiB, 100 %
2026/10/07 04:13:39.850, 62017 MiB, 100 %
2026/10/07 04:13:41.852, 62017 MiB, 100 %
2026/10/07 04:13:43.855, 62017 MiB, 99 %
2026/10/07 04:13:45.857, 62017 MiB, 100 %
2026/10/07 04:13:47.858, 62017 MiB, 100 %
2026/10/07 04:13:49.859, 62017 MiB, 100 %
2026/10/07 04:13:51.861, 62017 MiB, 100 %
2026/10/07 04:13:53.864, 62017 MiB, 100 %
2026/10/07 04:13:55.866, 62017 MiB, 100 %
2026/10/07 04:13:57.868, 62017 MiB, 100 %
2026/10/07 04:13:59.870, 62017 MiB, 100 %
2026/10/07 04:14:01.872, 62017 MiB, 100 %
2026/10/07 04:14:03.874, 62017 MiB, 100 %
2026/10/07 04:14:05.876, 62017 MiB, 100 %
2026/10/07 04:14:07.879, 62017 MiB, 100 %
2026/10/07 04:14:09.881, 62017 MiB, 100 %
2026/10/07 04:14:11.882, 62017 MiB, 100 %
2026/10/07 04:14:13.884, 62017 MiB, 100 %
2026/10/07 04:14:15.886, 62017 MiB, 100 %
2026/10/07 04:14:17.889, 62017 MiB, 100 %
2026/10/07 04:14:19.891, 62017 MiB, 100 %
2026/10/07 04:14:21.892, 62017 MiB, 100 %
2026/10/07 04:14:23.895, 62017 MiB, 100 %
2026/10/07 04:14:25.896, 66617 MiB, 83 %
2026/10/07 04:14:27.898, 66617 MiB, 89 %
2026/10/07 04:14:29.899, 66619 MiB, 88 %
2026/10/07 04:14:31.900, 66619 MiB, 100 %
2026/10/07 04:14:33.903, 66619 MiB, 100 %
2026/10/07 04:14:35.906, 66619 MiB, 100 %
2026/10/07 04:14:37.925, 66619 MiB, 100 %
2026/10/07 04:14:39.926, 66619 MiB, 100 %
2026/10/07 04:14:41.928, 66799 MiB, 100 %
2026/10/07 04:14:43.930, 66799 MiB, 100 %
2026/10/07 04:14:45.933, 66799 MiB, 88 %
2026/10/07 04:14:47.935, 66799 MiB, 100 %
2026/10/07 04:14:49.937, 66799 MiB, 100 %
2026/10/07 04:14:51.939, 66799 MiB, 100 %
2026/10/07 04:14:53.941, 66799 MiB, 100 %
2026/10/07 04:14:55.944, 66799 MiB, 100 %
2026/10/07 04:14:57.946, 66799 MiB, 100 %
2026/10/07 04:14:59.948, 66799 MiB, 100 %
2026/10/07 04:15:01.951, 66799 MiB, 100 %
2026/10/07 04:15:03.953, 66799 MiB, 100 %
2026/10/07 04:15:06.026, 67327 MiB, 100 %
2026/10/07 04:15:08.028, 66799 MiB, 100 %
2026/10/07 04:15:10.282, 66799 MiB, 100 %
2026/10/07 04:15:12.284, 66799 MiB, 100 %
2026/10/07 04:15:14.287, 66799 MiB, 100 %
2026/10/07 04:15:16.288, 66799 MiB, 100 %
2026/10/07 04:15:18.290, 66799 MiB, 100 %
2026/10/07 04:15:20.291, 66799 MiB, 100 %
2026/10/07 04:15:22.294, 66799 MiB, 96 %
2026/10/07 04:15:24.295, 66799 MiB, 100 %
2026/10/07 04:15:26.297, 66799 MiB, 100 %
2026/10/07 04:15:28.298, 66799 MiB, 100 %
2026/10/07 04:15:30.300, 66799 MiB, 100 %
2026/10/07 04:15:32.302, 66799 MiB, 100 %
2026/10/07 04:15:34.306, 66799 MiB, 100 %
2026/10/07 04:15:36.306, 66799 MiB, 100 %
2026/10/07 04:15:38.314, 66799 MiB, 100 %
2026/10/07 04:15:40.316, 66803 MiB, 88 %
2026/10/07 04:15:42.319, 66803 MiB, 100 %
2026/10/07 04:15:44.321, 66803 MiB, 100 %
2026/10/07 04:15:46.322, 66803 MiB, 100 %
2026/10/07 04:15:48.323, 66803 MiB, 100 %
2026/10/07 04:15:50.325, 66803 MiB, 100 %
2026/10/07 04:15:52.326, 66803 MiB, 100 %
2026/10/07 04:15:54.328, 66803 MiB, 100 %
2026/10/07 04:15:56.329, 66803 MiB, 100 %
2026/10/07 04:15:58.330, 66803 MiB, 100 %
2026/10/07 04:16:00.331, 66803 MiB, 100 %
2026/10/07 04:16:02.333, 66803 MiB, 100 %
2026/10/07 04:16:04.335, 66803 MiB, 100 %
2026/10/07 04:16:06.337, 66803 MiB, 100 %
2026/10/07 04:16:08.343, 66803 MiB, 100 %
2026/10/07 04:16:10.346, 66803 MiB, 95 %
2026/10/07 04:16:12.348, 66803 MiB, 100 %
2026/10/07 04:16:14.350, 66803 MiB, 100 %
2026/10/07 04:16:16.351, 66803 MiB, 100 %
2026/10/07 04:16:18.354, 66803 MiB, 96 %
2026/10/07 04:16:20.356, 66803 MiB, 100 %
2026/10/07 04:16:22.357, 66803 MiB, 100 %
2026/10/07 04:16:24.362, 66803 MiB, 100 %
2026/10/07 04:16:26.364, 66803 MiB, 95 %
2026/10/07 04:16:28.366, 66803 MiB, 100 %
2026/10/07 04:16:30.368, 66803 MiB, 100 %
2026/10/07 04:16:32.370, 66803 MiB, 100 %
2026/10/07 04:16:34.372, 66803 MiB, 86 %
2026/10/07 04:16:36.374, 66803 MiB, 100 %
2026/10/07 04:16:38.378, 66803 MiB, 100 %
2026/10/07 04:16:40.379, 66803 MiB, 100 %
2026/10/07 04:16:42.381, 66803 MiB, 100 %
2026/10/07 04:16:44.383, 66803 MiB, 100 %
2026/10/07 04:16:46.384, 66803 MiB, 100 %
2026/10/07 04:16:48.386, 66803 MiB, 100 %
2026/10/07 04:16:50.389, 66803 MiB, 100 %
2026/10/07 04:16:52.390, 66803 MiB, 100 %
2026/10/07 04:16:54.391, 66803 MiB, 87 %
2026/10/07 04:16:56.392, 66803 MiB, 100 %
2026/10/07 04:16:58.397, 66803 MiB, 100 %
2026/10/07 04:17:00.398, 66803 MiB, 86 %
2026/10/07 04:17:02.400, 66803 MiB, 88 %
2026/10/07 04:17:04.402, 66803 MiB, 100 %
2026/10/07 04:17:06.404, 66803 MiB, 64 %
2026/10/07 04:17:08.410, 66803 MiB, 100 %
2026/10/07 04:17:10.416, 66803 MiB, 100 %
2026/10/07 04:17:12.419, 66803 MiB, 49 %
2026/10/07 04:17:14.420, 66803 MiB, 100 %
2026/10/07 04:17:16.421, 66803 MiB, 100 %
2026/10/07 04:17:18.422, 66803 MiB, 100 %
2026/10/07 04:17:20.422, 66803 MiB, 77 %
2026/10/07 04:17:22.423, 66803 MiB, 100 %
2026/10/07 04:17:24.424, 66803 MiB, 100 %
2026/10/07 04:17:26.425, 66803 MiB, 77 %
2026/10/07 04:17:28.426, 66803 MiB, 100 %
2026/10/07 04:17:30.428, 66803 MiB, 100 %
2026/10/07 04:17:32.429, 66803 MiB, 100 %
2026/10/07 04:17:34.430, 66803 MiB, 100 %
2026/10/07 04:17:36.431, 66803 MiB, 100 %
2026/10/07 04:17:38.437, 66803 MiB, 100 %
2026/10/07 04:17:40.438, 66803 MiB, 100 %
2026/10/07 04:17:42.439, 66803 MiB, 96 %
2026/10/07 04:17:44.442, 66803 MiB, 100 %
2026/10/07 04:17:46.443, 66803 MiB, 100 %
2026/10/07 04:17:48.444, 66803 MiB, 100 %
2026/10/07 04:17:50.449, 66803 MiB, 100 %
2026/10/07 04:17:52.452, 66803 MiB, 100 %
2026/10/07 04:17:54.453, 66803 MiB, 100 %
2026/10/07 04:17:56.454, 66803 MiB, 100 %
2026/10/07 04:17:58.454, 66803 MiB, 86 %
2026/10/07 04:18:00.456, 66803 MiB, 100 %
2026/10/07 04:18:02.456, 66803 MiB, 100 %
2026/10/07 04:18:04.458, 66803 MiB, 100 %
2026/10/07 04:18:06.462, 66803 MiB, 81 %
2026/10/07 04:18:08.472, 66803 MiB, 100 %
2026/10/07 04:18:10.472, 66803 MiB, 83 %
2026/10/07 04:18:12.473, 66803 MiB, 100 %
2026/10/07 04:18:14.475, 66803 MiB, 100 %
2026/10/07 04:18:16.476, 66803 MiB, 100 %
2026/10/07 04:18:18.476, 66803 MiB, 100 %
2026/10/07 04:18:20.477, 66803 MiB, 100 %
2026/10/07 04:18:22.478, 66803 MiB, 100 %
2026/10/07 04:18:24.479, 66803 MiB, 90 %
2026/10/07 04:18:26.480, 66803 MiB, 100 %
2026/10/07 04:18:28.481, 66803 MiB, 90 %
2026/10/07 04:18:30.482, 66803 MiB, 100 %
2026/10/07 04:18:32.482, 66803 MiB, 0 %
2026/10/07 04:18:34.483, 66803 MiB, 100 %
2026/10/07 04:18:36.484, 66803 MiB, 100 %
2026/10/07 04:18:38.488, 66803 MiB, 100 %
2026/10/07 04:18:40.488, 66803 MiB, 100 %
2026/10/07 04:18:42.489, 66803 MiB, 100 %
2026/10/07 04:18:44.490, 66803 MiB, 100 %
2026/10/07 04:18:46.493, 66803 MiB, 100 %
2026/10/07 04:18:48.495, 66803 MiB, 100 %
2026/10/07 04:18:50.496, 66803 MiB, 100 %
2026/10/07 04:18:52.497, 66803 MiB, 100 %
2026/10/07 04:18:54.498, 66803 MiB, 100 %
2026/10/07 04:18:56.499, 66803 MiB, 100 %
2026/10/07 04:18:58.500, 66803 MiB, 100 %
2026/10/07 04:19:00.500, 66803 MiB, 100 %
2026/10/07 04:19:02.502, 66803 MiB, 100 %
2026/10/07 04:19:04.504, 66803 MiB, 100 %
2026/10/07 04:19:06.507, 66803 MiB, 100 %
2026/10/07 04:19:08.513, 66803 MiB, 100 %
2026/10/07 04:19:10.514, 66803 MiB, 100 %
2026/10/07 04:19:12.515, 66803 MiB, 100 %
2026/10/07 04:19:14.515, 66803 MiB, 100 %
2026/10/07 04:19:16.516, 66803 MiB, 100 %
2026/10/07 04:19:18.517, 66803 MiB, 100 %
2026/10/07 04:19:20.524, 66803 MiB, 100 %
2026/10/07 04:19:22.525, 66803 MiB, 100 %
2026/10/07 04:19:24.525, 66803 MiB, 100 %
2026/10/07 04:19:26.526, 66803 MiB, 100 %
2026/10/07 04:19:28.527, 66803 MiB, 100 %
2026/10/07 04:19:30.528, 66803 MiB, 100 %
2026/10/07 04:19:32.529, 66803 MiB, 100 %
2026/10/07 04:19:34.532, 66803 MiB, 100 %
2026/10/07 04:19:36.534, 66803 MiB, 100 %
2026/10/07 04:19:38.540, 66803 MiB, 100 %
2026/10/07 04:19:40.543, 66803 MiB, 100 %
2026/10/07 04:19:42.546, 66803 MiB, 100 %
2026/10/07 04:19:44.549, 66803 MiB, 100 %
2026/10/07 04:19:46.550, 66803 MiB, 100 %
2026/10/07 04:19:48.551, 66803 MiB, 100 %
2026/10/07 04:19:50.553, 66803 MiB, 100 %
2026/10/07 04:19:52.555, 66803 MiB, 100 %
2026/10/07 04:19:54.556, 66803 MiB, 100 %
2026/10/07 04:19:56.557, 66803 MiB, 100 %
2026/10/07 04:19:58.558, 66803 MiB, 100 %
2026/10/07 04:20:00.560, 66803 MiB, 100 %
2026/10/07 04:20:02.562, 66803 MiB, 100 %
2026/10/07 04:20:04.562, 66803 MiB, 100 %
2026/10/07 04:20:06.564, 66803 MiB, 100 %
2026/10/07 04:20:08.570, 66803 MiB, 100 %
2026/10/07 04:20:10.571, 66803 MiB, 100 %
2026/10/07 04:20:12.574, 66803 MiB, 100 %
2026/10/07 04:20:14.575, 66803 MiB, 100 %
2026/10/07 04:20:16.575, 66803 MiB, 100 %
2026/10/07 04:20:18.578, 66803 MiB, 100 %
2026/10/07 04:20:20.581, 66803 MiB, 100 %
2026/10/07 04:20:22.584, 66803 MiB, 100 %
2026/10/07 04:20:24.587, 66803 MiB, 100 %
2026/10/07 04:20:26.588, 66803 MiB, 100 %
2026/10/07 04:20:28.590, 66803 MiB, 100 %
2026/10/07 04:20:30.592, 66803 MiB, 100 %
2026/10/07 04:20:32.595, 66803 MiB, 100 %
2026/10/07 04:20:34.598, 66803 MiB, 100 %
2026/10/07 04:20:36.599, 66803 MiB, 100 %
2026/10/07 04:20:38.613, 66803 MiB, 100 %
2026/10/07 04:20:40.615, 66803 MiB, 100 %
2026/10/07 04:20:42.617, 66803 MiB, 100 %
2026/10/07 04:20:44.620, 66803 MiB, 100 %
2026/10/07 04:20:46.621, 66803 MiB, 100 %
2026/10/07 04:20:48.623, 66803 MiB, 100 %
2026/10/07 04:20:50.624, 66803 MiB, 100 %
2026/10/07 04:20:52.625, 66803 MiB, 100 %
2026/10/07 04:20:54.627, 66803 MiB, 100 %
2026/10/07 04:20:56.627, 66803 MiB, 100 %
2026/10/07 04:20:58.628, 66803 MiB, 100 %
2026/10/07 04:21:00.630, 66803 MiB, 100 %
2026/10/07 04:21:02.631, 66803 MiB, 100 %
2026/10/07 04:21:04.633, 66803 MiB, 100 %
2026/10/07 04:21:06.634, 66803 MiB, 100 %
2026/10/07 04:21:08.637, 66803 MiB, 100 %
2026/10/07 04:21:10.639, 66803 MiB, 100 %
2026/10/07 04:21:12.641, 66803 MiB, 100 %
2026/10/07 04:21:14.643, 66803 MiB, 100 %
2026/10/07 04:21:16.645, 66803 MiB, 100 %
2026/10/07 04:21:18.647, 66803 MiB, 100 %
2026/10/07 04:21:20.649, 66803 MiB, 100 %
2026/10/07 04:21:22.649, 66803 MiB, 100 %
2026/10/07 04:21:24.655, 66803 MiB, 100 %
2026/10/07 04:21:26.660, 66803 MiB, 100 %
2026/10/07 04:21:28.662, 66803 MiB, 100 %
2026/10/07 04:21:30.663, 66803 MiB, 100 %
2026/10/07 04:21:32.664, 66803 MiB, 100 %
2026/10/07 04:21:34.666, 66803 MiB, 100 %
2026/10/07 04:21:36.667, 66803 MiB, 100 %
2026/10/07 04:21:38.759, 66803 MiB, 100 %
2026/10/07 04:21:40.762, 66803 MiB, 100 %
2026/10/07 04:21:42.765, 66803 MiB, 100 %
2026/10/07 04:21:44.766, 66803 MiB, 100 %
2026/10/07 04:21:46.768, 66803 MiB, 100 %
2026/10/07 04:21:48.771, 66803 MiB, 100 %
2026/10/07 04:21:50.773, 66803 MiB, 100 %
2026/10/07 04:21:52.776, 66803 MiB, 100 %
2026/10/07 04:21:54.781, 66803 MiB, 100 %
2026/10/07 04:21:56.783, 66803 MiB, 100 %
2026/10/07 04:21:58.785, 66803 MiB, 100 %
2026/10/07 04:22:00.787, 66803 MiB, 100 %
2026/10/07 04:22:02.789, 66803 MiB, 100 %
2026/10/07 04:22:04.792, 66803 MiB, 100 %
2026/10/07 04:22:06.794, 66803 MiB, 100 %
2026/10/07 04:22:08.798, 66803 MiB, 100 %
2026/10/07 04:22:10.801, 66803 MiB, 96 %
2026/10/07 04:22:12.802, 66803 MiB, 100 %
2026/10/07 04:22:14.804, 66803 MiB, 100 %
2026/10/07 04:22:16.805, 66803 MiB, 95 %
2026/10/07 04:22:18.808, 66803 MiB, 100 %
2026/10/07 04:22:20.810, 66803 MiB, 100 %
2026/10/07 04:22:22.812, 66803 MiB, 100 %
2026/10/07 04:22:24.813, 66803 MiB, 96 %
2026/10/07 04:22:26.814, 66803 MiB, 100 %
2026/10/07 04:22:28.815, 66803 MiB, 100 %
2026/10/07 04:22:30.817, 66803 MiB, 97 %
2026/10/07 04:22:32.818, 66803 MiB, 100 %
2026/10/07 04:22:34.819, 66803 MiB, 96 %
2026/10/07 04:22:36.821, 66803 MiB, 100 %
2026/10/07 04:22:38.826, 66803 MiB, 100 %
2026/10/07 04:22:40.827, 66803 MiB, 100 %
2026/10/07 04:22:42.830, 66803 MiB, 100 %
2026/10/07 04:22:44.831, 66803 MiB, 100 %
2026/10/07 04:22:46.833, 66803 MiB, 90 %
2026/10/07 04:22:48.837, 66803 MiB, 100 %
2026/10/07 04:22:50.838, 66803 MiB, 100 %
2026/10/07 04:22:52.840, 66803 MiB, 85 %
2026/10/07 04:22:54.841, 66803 MiB, 100 %
2026/10/07 04:22:56.842, 66803 MiB, 100 %
2026/10/07 04:22:58.843, 66803 MiB, 100 %
2026/10/07 04:23:00.844, 66803 MiB, 100 %
2026/10/07 04:23:02.846, 66803 MiB, 100 %
2026/10/07 04:23:04.847, 66803 MiB, 100 %
2026/10/07 04:23:06.851, 66803 MiB, 88 %
2026/10/07 04:23:08.854, 66803 MiB, 91 %
2026/10/07 04:23:10.855, 66803 MiB, 100 %
2026/10/07 04:23:12.856, 66803 MiB, 100 %
2026/10/07 04:23:14.858, 66803 MiB, 97 %
2026/10/07 04:23:16.859, 66803 MiB, 100 %
2026/10/07 04:23:18.861, 66803 MiB, 100 %
2026/10/07 04:23:20.864, 66803 MiB, 100 %
2026/10/07 04:23:22.866, 66803 MiB, 100 %
2026/10/07 04:23:24.867, 66803 MiB, 100 %
2026/10/07 04:23:26.869, 66803 MiB, 100 %
2026/10/07 04:23:28.869, 66803 MiB, 100 %
2026/10/07 04:23:30.870, 66803 MiB, 100 %
2026/10/07 04:23:32.874, 66803 MiB, 100 %
2026/10/07 04:23:34.875, 66803 MiB, 100 %
2026/10/07 04:23:36.876, 66803 MiB, 100 %
2026/10/07 04:23:38.881, 66803 MiB, 100 %
2026/10/07 04:23:40.883, 66803 MiB, 100 %
2026/10/07 04:23:42.884, 66803 MiB, 100 %
2026/10/07 04:23:44.886, 66803 MiB, 100 %
2026/10/07 04:23:46.887, 66803 MiB, 100 %
2026/10/07 04:23:48.893, 66803 MiB, 100 %
2026/10/07 04:23:50.898, 66803 MiB, 100 %
2026/10/07 04:23:52.905, 66803 MiB, 92 %
2026/10/07 04:23:54.910, 66803 MiB, 91 %
2026/10/07 04:23:56.912, 66803 MiB, 100 %
2026/10/07 04:23:58.913, 66803 MiB, 100 %
2026/10/07 04:24:00.916, 66803 MiB, 100 %
2026/10/07 04:24:02.918, 66803 MiB, 100 %
2026/10/07 04:24:04.921, 66803 MiB, 100 %
2026/10/07 04:24:06.923, 66803 MiB, 100 %
2026/10/07 04:24:08.924, 66803 MiB, 100 %
2026/10/07 04:24:10.927, 66803 MiB, 100 %
2026/10/07 04:24:12.928, 66803 MiB, 100 %
2026/10/07 04:24:14.931, 66803 MiB, 100 %
2026/10/07 04:24:16.934, 66803 MiB, 97 %
2026/10/07 04:24:18.935, 66803 MiB, 100 %
2026/10/07 04:24:20.938, 66803 MiB, 100 %
2026/10/07 04:24:22.941, 66803 MiB, 100 %
2026/10/07 04:24:24.943, 66803 MiB, 100 %
2026/10/07 04:24:26.945, 66803 MiB, 100 %
2026/10/07 04:24:28.948, 66803 MiB, 100 %
2026/10/07 04:24:30.950, 66803 MiB, 100 %
2026/10/07 04:24:32.951, 66803 MiB, 100 %
2026/10/07 04:24:34.952, 66803 MiB, 100 %
2026/10/07 04:24:36.955, 66803 MiB, 100 %
2026/10/07 04:24:38.960, 66803 MiB, 100 %
2026/10/07 04:24:40.962, 66803 MiB, 100 %
2026/10/07 04:24:42.965, 66803 MiB, 100 %
2026/10/07 04:24:44.967, 66803 MiB, 100 %
2026/10/07 04:24:46.968, 66803 MiB, 100 %
2026/10/07 04:24:48.970, 66803 MiB, 100 %
2026/10/07 04:24:50.974, 66803 MiB, 81 %
2026/10/07 04:24:52.976, 66803 MiB, 100 %
2026/10/07 04:24:54.978, 66803 MiB, 100 %
2026/10/07 04:24:56.980, 66803 MiB, 100 %
2026/10/07 04:24:58.983, 66803 MiB, 100 %
2026/10/07 04:25:00.985, 66803 MiB, 100 %
2026/10/07 04:25:02.987, 66803 MiB, 100 %
2026/10/07 04:25:04.989, 66803 MiB, 100 %
2026/10/07 04:25:06.991, 66803 MiB, 100 %
2026/10/07 04:25:08.995, 66803 MiB, 93 %
2026/10/07 04:25:10.998, 66803 MiB, 100 %
2026/10/07 04:25:12.999, 66803 MiB, 100 %
2026/10/07 04:25:15.001, 66803 MiB, 84 %
2026/10/07 04:25:17.004, 66803 MiB, 100 %
2026/10/07 04:25:19.005, 66803 MiB, 100 %
2026/10/07 04:25:21.007, 66803 MiB, 100 %
2026/10/07 04:25:23.008, 66803 MiB, 100 %
2026/10/07 04:25:25.009, 66803 MiB, 100 %
2026/10/07 04:25:27.010, 66803 MiB, 100 %
2026/10/07 04:25:29.011, 66803 MiB, 100 %
2026/10/07 04:25:31.013, 66803 MiB, 100 %
2026/10/07 04:25:33.013, 66803 MiB, 97 %
2026/10/07 04:25:35.014, 66803 MiB, 100 %
2026/10/07 04:25:37.015, 66803 MiB, 53 %
2026/10/07 04:25:39.017, 66803 MiB, 100 %
2026/10/07 04:25:41.018, 66803 MiB, 100 %
2026/10/07 04:25:43.019, 66803 MiB, 100 %
2026/10/07 04:25:45.019, 66803 MiB, 67 %
2026/10/07 04:25:47.020, 66803 MiB, 99 %
2026/10/07 04:25:49.023, 66803 MiB, 100 %
2026/10/07 04:25:51.024, 66803 MiB, 100 %
2026/10/07 04:25:53.025, 66803 MiB, 100 %
2026/10/07 04:25:55.027, 66803 MiB, 0 %
2026/10/07 04:25:57.030, 66803 MiB, 100 %
2026/10/07 04:25:59.032, 66803 MiB, 100 %
2026/10/07 04:26:01.034, 66803 MiB, 100 %
2026/10/07 04:26:03.035, 66803 MiB, 100 %
2026/10/07 04:26:05.038, 66803 MiB, 100 %
2026/10/07 04:26:07.040, 66803 MiB, 100 %
2026/10/07 04:26:09.044, 66803 MiB, 100 %
2026/10/07 04:26:11.045, 66803 MiB, 100 %
2026/10/07 04:26:13.048, 66803 MiB, 100 %
2026/10/07 04:26:15.050, 66803 MiB, 100 %
2026/10/07 04:26:17.052, 66803 MiB, 100 %
2026/10/07 04:26:19.053, 66803 MiB, 100 %
2026/10/07 04:26:21.054, 66803 MiB, 100 %
2026/10/07 04:26:23.055, 66803 MiB, 100 %
2026/10/07 04:26:25.056, 66803 MiB, 100 %
2026/10/07 04:26:27.057, 66803 MiB, 100 %
2026/10/07 04:26:29.060, 66803 MiB, 100 %
2026/10/07 04:26:31.061, 66803 MiB, 100 %
2026/10/07 04:26:33.063, 66803 MiB, 100 %
2026/10/07 04:26:35.066, 66803 MiB, 100 %
2026/10/07 04:26:37.068, 66803 MiB, 100 %
2026/10/07 04:26:39.071, 66803 MiB, 100 %
2026/10/07 04:26:41.074, 66803 MiB, 100 %
2026/10/07 04:26:43.077, 66803 MiB, 100 %
2026/10/07 04:26:45.078, 66803 MiB, 100 %
2026/10/07 04:26:47.079, 66803 MiB, 100 %
2026/10/07 04:26:49.082, 66803 MiB, 100 %
2026/10/07 04:26:51.083, 66803 MiB, 100 %
2026/10/07 04:26:53.085, 66803 MiB, 100 %
2026/10/07 04:26:55.087, 66803 MiB, 100 %
2026/10/07 04:26:57.089, 66803 MiB, 100 %
2026/10/07 04:26:59.092, 66803 MiB, 100 %
2026/10/07 04:27:01.094, 66803 MiB, 100 %
2026/10/07 04:27:03.096, 66803 MiB, 100 %
2026/10/07 04:27:05.099, 66803 MiB, 100 %
2026/10/07 04:27:07.100, 66803 MiB, 100 %
2026/10/07 04:27:09.113, 66803 MiB, 100 %
2026/10/07 04:27:11.115, 66803 MiB, 100 %
2026/10/07 04:27:13.116, 66803 MiB, 100 %
2026/10/07 04:27:15.118, 66803 MiB, 100 %
2026/10/07 04:27:17.120, 66803 MiB, 100 %
2026/10/07 04:27:19.121, 66803 MiB, 100 %
2026/10/07 04:27:21.122, 66803 MiB, 100 %
2026/10/07 04:27:23.125, 66803 MiB, 100 %
2026/10/07 04:27:25.127, 66803 MiB, 100 %
2026/10/07 04:27:27.128, 66803 MiB, 100 %
2026/10/07 04:27:29.130, 66803 MiB, 100 %
2026/10/07 04:27:31.132, 66803 MiB, 100 %
2026/10/07 04:27:33.135, 66803 MiB, 100 %
2026/10/07 04:27:35.137, 66803 MiB, 100 %
2026/10/07 04:27:37.140, 66803 MiB, 100 %
2026/10/07 04:27:39.141, 66803 MiB, 100 %
2026/10/07 04:27:41.143, 66803 MiB, 100 %
2026/10/07 04:27:43.146, 66803 MiB, 100 %
2026/10/07 04:27:45.148, 66803 MiB, 100 %
2026/10/07 04:27:47.151, 66803 MiB, 100 %
2026/10/07 04:27:49.153, 66803 MiB, 100 %
2026/10/07 04:27:51.156, 66803 MiB, 100 %
2026/10/07 04:27:53.158, 66803 MiB, 100 %
2026/10/07 04:27:55.160, 66803 MiB, 100 %
2026/10/07 04:27:57.162, 66803 MiB, 100 %
2026/10/07 04:27:59.164, 66803 MiB, 100 %
2026/10/07 04:28:01.167, 66803 MiB, 100 %
2026/10/07 04:28:03.170, 66803 MiB, 100 %
2026/10/07 04:28:05.173, 66803 MiB, 100 %
2026/10/07 04:28:07.175, 66803 MiB, 100 %
2026/10/07 04:28:09.178, 66803 MiB, 100 %
2026/10/07 04:28:11.181, 66803 MiB, 100 %
2026/10/07 04:28:13.182, 66803 MiB, 100 %
2026/10/07 04:28:15.184, 66803 MiB, 100 %
2026/10/07 04:28:17.185, 66803 MiB, 100 %
2026/10/07 04:28:19.187, 66803 MiB, 100 %
2026/10/07 04:28:21.189, 66803 MiB, 100 %
2026/10/07 04:28:23.189, 66803 MiB, 100 %
2026/10/07 04:28:25.192, 66803 MiB, 100 %
2026/10/07 04:28:27.194, 66803 MiB, 100 %
2026/10/07 04:28:29.197, 66803 MiB, 100 %
2026/10/07 04:28:31.199, 66803 MiB, 100 %
2026/10/07 04:28:33.201, 66803 MiB, 100 %
2026/10/07 04:28:35.203, 66803 MiB, 100 %
2026/10/07 04:28:37.205, 66803 MiB, 100 %
2026/10/07 04:28:39.219, 66803 MiB, 100 %
2026/10/07 04:28:41.220, 66803 MiB, 100 %
2026/10/07 04:28:43.221, 66803 MiB, 100 %
2026/10/07 04:28:45.222, 66803 MiB, 100 %
2026/10/07 04:28:47.223, 66803 MiB, 87 %
2026/10/07 04:28:49.225, 66803 MiB, 100 %
2026/10/07 04:28:51.226, 66803 MiB, 100 %
2026/10/07 04:28:53.229, 66803 MiB, 100 %
2026/10/07 04:28:55.231, 66803 MiB, 100 %
2026/10/07 04:28:57.232, 66803 MiB, 100 %
2026/10/07 04:28:59.234, 66803 MiB, 100 %
2026/10/07 04:29:01.237, 66803 MiB, 90 %
2026/10/07 04:29:03.240, 66803 MiB, 100 %
2026/10/07 04:29:05.242, 66803 MiB, 100 %
2026/10/07 04:29:07.244, 66803 MiB, 100 %
2026/10/07 04:29:09.247, 66803 MiB, 100 %
2026/10/07 04:29:11.248, 66803 MiB, 100 %
2026/10/07 04:29:13.250, 66803 MiB, 100 %
2026/10/07 04:29:15.252, 66803 MiB, 100 %
2026/10/07 04:29:17.254, 66803 MiB, 100 %
2026/10/07 04:29:19.256, 66803 MiB, 100 %
2026/10/07 04:29:21.258, 66803 MiB, 100 %
2026/10/07 04:29:23.261, 66803 MiB, 100 %
2026/10/07 04:29:25.264, 66803 MiB, 100 %
2026/10/07 04:29:27.266, 66803 MiB, 100 %
2026/10/07 04:29:29.268, 66803 MiB, 100 %
2026/10/07 04:29:31.269, 66803 MiB, 100 %
2026/10/07 04:29:33.271, 66803 MiB, 100 %
2026/10/07 04:29:35.274, 66803 MiB, 100 %
2026/10/07 04:29:37.277, 66803 MiB, 100 %
2026/10/07 04:29:39.280, 66803 MiB, 100 %
2026/10/07 04:29:41.283, 66803 MiB, 96 %
2026/10/07 04:29:43.286, 66803 MiB, 96 %
2026/10/07 04:29:45.287, 66803 MiB, 100 %
2026/10/07 04:29:47.288, 66803 MiB, 100 %
2026/10/07 04:29:49.290, 66803 MiB, 100 %
2026/10/07 04:29:51.293, 66803 MiB, 100 %
2026/10/07 04:29:53.293, 66803 MiB, 100 %
2026/10/07 04:29:55.296, 66803 MiB, 100 %
2026/10/07 04:29:57.298, 66803 MiB, 100 %
2026/10/07 04:29:59.301, 66803 MiB, 100 %
2026/10/07 04:30:01.303, 66803 MiB, 100 %
2026/10/07 04:30:03.304, 66803 MiB, 100 %
2026/10/07 04:30:05.307, 66803 MiB, 88 %
2026/10/07 04:30:07.310, 67331 MiB, 100 %
2026/10/07 04:30:09.325, 66803 MiB, 100 %
2026/10/07 04:30:11.329, 66803 MiB, 100 %
2026/10/07 04:30:13.331, 66803 MiB, 100 %
2026/10/07 04:30:15.332, 66803 MiB, 100 %
2026/10/07 04:30:17.333, 66803 MiB, 100 %
2026/10/07 04:30:19.334, 66803 MiB, 100 %
2026/10/07 04:30:21.346, 66803 MiB, 100 %
2026/10/07 04:30:23.348, 66803 MiB, 96 %
2026/10/07 04:30:25.351, 66803 MiB, 100 %
2026/10/07 04:30:27.353, 66803 MiB, 81 %
2026/10/07 04:30:29.355, 66803 MiB, 100 %
2026/10/07 04:30:31.357, 66803 MiB, 100 %
2026/10/07 04:30:33.358, 66803 MiB, 100 %
2026/10/07 04:30:35.360, 66803 MiB, 100 %
2026/10/07 04:30:37.362, 66803 MiB, 100 %
2026/10/07 04:30:39.364, 66803 MiB, 100 %
2026/10/07 04:30:41.365, 66803 MiB, 100 %
2026/10/07 04:30:43.367, 66803 MiB, 100 %
2026/10/07 04:30:45.369, 66803 MiB, 100 %
2026/10/07 04:30:47.371, 66803 MiB, 100 %
2026/10/07 04:30:49.373, 66803 MiB, 100 %
2026/10/07 04:30:51.373, 66803 MiB, 100 %
2026/10/07 04:30:53.375, 66803 MiB, 100 %
2026/10/07 04:30:55.377, 66803 MiB, 100 %
2026/10/07 04:30:57.379, 66803 MiB, 100 %
2026/10/07 04:30:59.381, 66803 MiB, 100 %
2026/10/07 04:31:01.383, 66803 MiB, 100 %
2026/10/07 04:31:03.385, 66803 MiB, 100 %
2026/10/07 04:31:05.387, 66803 MiB, 88 %
2026/10/07 04:31:07.389, 66803 MiB, 100 %
2026/10/07 04:31:09.392, 66803 MiB, 100 %
2026/10/07 04:31:11.394, 66803 MiB, 90 %
2026/10/07 04:31:13.396, 66803 MiB, 100 %
2026/10/07 04:31:15.399, 66803 MiB, 0 %
2026/10/07 04:31:17.402, 66803 MiB, 100 %
2026/10/07 04:31:19.404, 66803 MiB, 100 %
2026/10/07 04:31:21.405, 66803 MiB, 100 %
2026/10/07 04:31:23.408, 66803 MiB, 100 %
2026/10/07 04:31:25.410, 66803 MiB, 100 %
2026/10/07 04:31:27.411, 66803 MiB, 100 %
2026/10/07 04:31:29.415, 66803 MiB, 100 %
2026/10/07 04:31:31.416, 66803 MiB, 100 %
2026/10/07 04:31:33.418, 66803 MiB, 100 %
2026/10/07 04:31:35.419, 66803 MiB, 90 %
2026/10/07 04:31:37.421, 66803 MiB, 100 %
2026/10/07 04:31:39.423, 66803 MiB, 100 %
2026/10/07 04:31:41.425, 66803 MiB, 100 %
2026/10/07 04:31:43.427, 66803 MiB, 100 %
2026/10/07 04:31:45.428, 66803 MiB, 100 %
2026/10/07 04:31:47.430, 66803 MiB, 100 %
2026/10/07 04:31:49.432, 66803 MiB, 100 %
2026/10/07 04:31:51.433, 66803 MiB, 100 %
2026/10/07 04:31:53.434, 66803 MiB, 100 %
2026/10/07 04:31:55.436, 66803 MiB, 0 %
2026/10/07 04:31:57.437, 66803 MiB, 100 %
2026/10/07 04:31:59.439, 66803 MiB, 100 %
2026/10/07 04:32:01.440, 66803 MiB, 100 %
2026/10/07 04:32:03.441, 66803 MiB, 100 %
2026/10/07 04:32:05.441, 66803 MiB, 100 %
2026/10/07 04:32:07.442, 66803 MiB, 100 %
2026/10/07 04:32:09.444, 66803 MiB, 100 %
2026/10/07 04:32:11.445, 66803 MiB, 0 %
2026/10/07 04:32:13.446, 66803 MiB, 100 %
2026/10/07 04:32:15.447, 66803 MiB, 100 %
2026/10/07 04:32:17.448, 66803 MiB, 100 %
2026/10/07 04:32:19.449, 66803 MiB, 100 %
2026/10/07 04:32:21.450, 66803 MiB, 100 %
2026/10/07 04:32:23.451, 66803 MiB, 100 %
2026/10/07 04:32:25.452, 66803 MiB, 64 %
2026/10/07 04:32:27.453, 66803 MiB, 100 %
2026/10/07 04:32:29.455, 66803 MiB, 100 %
2026/10/07 04:32:31.456, 66803 MiB, 100 %
2026/10/07 04:32:33.457, 66803 MiB, 73 %
2026/10/07 04:32:35.458, 66803 MiB, 100 %
2026/10/07 04:32:37.459, 66803 MiB, 100 %
2026/10/07 04:32:39.461, 66803 MiB, 100 %
2026/10/07 04:32:41.461, 66803 MiB, 100 %
2026/10/07 04:32:43.491, 66803 MiB, 100 %
2026/10/07 04:32:45.492, 66803 MiB, 0 %
2026/10/07 04:32:47.495, 66803 MiB, 100 %
2026/10/07 04:32:49.496, 66803 MiB, 100 %
2026/10/07 04:32:51.497, 66803 MiB, 100 %
2026/10/07 04:32:53.500, 66803 MiB, 100 %
2026/10/07 04:32:55.502, 66803 MiB, 100 %
2026/10/07 04:32:57.504, 66803 MiB, 100 %
2026/10/07 04:32:59.505, 66803 MiB, 100 %
2026/10/07 04:33:01.506, 66803 MiB, 99 %
2026/10/07 04:33:03.508, 66803 MiB, 100 %
2026/10/07 04:33:05.510, 66803 MiB, 100 %
2026/10/07 04:33:07.512, 66803 MiB, 100 %
2026/10/07 04:33:09.513, 66803 MiB, 100 %
2026/10/07 04:33:11.514, 66803 MiB, 100 %
2026/10/07 04:33:13.515, 66803 MiB, 99 %
2026/10/07 04:33:15.515, 66803 MiB, 100 %
2026/10/07 04:33:17.516, 66803 MiB, 100 %
2026/10/07 04:33:19.517, 66803 MiB, 100 %
2026/10/07 04:33:21.519, 66803 MiB, 100 %
2026/10/07 04:33:23.520, 66803 MiB, 100 %
2026/10/07 04:33:25.521, 66803 MiB, 100 %
2026/10/07 04:33:27.522, 66803 MiB, 100 %
2026/10/07 04:33:29.523, 66803 MiB, 100 %
2026/10/07 04:33:31.524, 66803 MiB, 100 %
2026/10/07 04:33:33.525, 66803 MiB, 100 %
2026/10/07 04:33:35.526, 66803 MiB, 100 %
2026/10/07 04:33:37.527, 66803 MiB, 100 %
2026/10/07 04:33:39.532, 66803 MiB, 100 %
2026/10/07 04:33:41.532, 66803 MiB, 100 %
2026/10/07 04:33:43.534, 66803 MiB, 100 %
2026/10/07 04:33:45.535, 66803 MiB, 100 %
2026/10/07 04:33:47.535, 66803 MiB, 100 %
2026/10/07 04:33:49.537, 66803 MiB, 100 %
2026/10/07 04:33:51.539, 66803 MiB, 100 %
2026/10/07 04:33:53.540, 66803 MiB, 100 %
2026/10/07 04:33:55.542, 66803 MiB, 100 %
2026/10/07 04:33:57.544, 66803 MiB, 100 %
2026/10/07 04:33:59.547, 66803 MiB, 100 %
2026/10/07 04:34:01.548, 66803 MiB, 100 %
2026/10/07 04:34:03.549, 66803 MiB, 100 %
2026/10/07 04:34:05.550, 66803 MiB, 100 %
2026/10/07 04:34:07.552, 66803 MiB, 100 %
2026/10/07 04:34:09.556, 66803 MiB, 100 %
2026/10/07 04:34:11.558, 66803 MiB, 100 %
2026/10/07 04:34:13.558, 66803 MiB, 100 %
2026/10/07 04:34:15.560, 66803 MiB, 100 %
2026/10/07 04:34:17.563, 66803 MiB, 100 %
2026/10/07 04:34:19.564, 66803 MiB, 100 %
2026/10/07 04:34:21.565, 66803 MiB, 100 %
2026/10/07 04:34:23.566, 66803 MiB, 100 %
2026/10/07 04:34:25.567, 66803 MiB, 100 %
2026/10/07 04:34:27.570, 66803 MiB, 100 %
2026/10/07 04:34:29.571, 66803 MiB, 100 %
2026/10/07 04:34:31.572, 66803 MiB, 100 %
2026/10/07 04:34:33.574, 66803 MiB, 100 %
2026/10/07 04:34:35.576, 66803 MiB, 100 %
2026/10/07 04:34:37.579, 66803 MiB, 100 %
2026/10/07 04:34:39.582, 66803 MiB, 100 %
2026/10/07 04:34:41.584, 66803 MiB, 100 %
2026/10/07 04:34:43.586, 66803 MiB, 100 %
2026/10/07 04:34:45.587, 66803 MiB, 100 %
2026/10/07 04:34:47.589, 66803 MiB, 100 %
2026/10/07 04:34:49.591, 66803 MiB, 100 %
2026/10/07 04:34:51.592, 66803 MiB, 100 %
2026/10/07 04:34:53.594, 66803 MiB, 100 %
2026/10/07 04:34:55.596, 66803 MiB, 100 %
2026/10/07 04:34:57.597, 66803 MiB, 100 %
2026/10/07 04:34:59.598, 66803 MiB, 100 %
2026/10/07 04:35:01.599, 66803 MiB, 100 %
2026/10/07 04:35:03.601, 66803 MiB, 100 %
2026/10/07 04:35:05.602, 66803 MiB, 100 %
2026/10/07 04:35:07.603, 66803 MiB, 100 %
2026/10/07 04:35:09.610, 66803 MiB, 100 %
2026/10/07 04:35:11.611, 66803 MiB, 100 %
2026/10/07 04:35:13.612, 66803 MiB, 100 %
2026/10/07 04:35:15.613, 66803 MiB, 100 %
2026/10/07 04:35:17.613, 66803 MiB, 100 %
2026/10/07 04:35:19.615, 66803 MiB, 100 %
2026/10/07 04:35:21.616, 66803 MiB, 100 %
2026/10/07 04:35:23.617, 66803 MiB, 100 %
2026/10/07 04:35:25.618, 66803 MiB, 100 %
2026/10/07 04:35:27.619, 66803 MiB, 96 %
2026/10/07 04:35:29.620, 66803 MiB, 100 %
2026/10/07 04:35:31.622, 66803 MiB, 100 %
2026/10/07 04:35:33.622, 66803 MiB, 100 %
2026/10/07 04:35:35.623, 66803 MiB, 100 %
2026/10/07 04:35:37.625, 66803 MiB, 100 %
2026/10/07 04:35:39.628, 66803 MiB, 100 %
2026/10/07 04:35:41.628, 66803 MiB, 100 %
2026/10/07 04:35:43.629, 66803 MiB, 100 %
2026/10/07 04:35:45.630, 66807 MiB, 100 %
2026/10/07 04:35:47.632, 66807 MiB, 100 %
2026/10/07 04:35:49.633, 66807 MiB, 100 %
2026/10/07 04:35:51.635, 66807 MiB, 100 %
2026/10/07 04:35:53.636, 66807 MiB, 100 %
2026/10/07 04:35:55.636, 66807 MiB, 100 %
2026/10/07 04:35:57.637, 66807 MiB, 100 %
2026/10/07 04:35:59.639, 66807 MiB, 100 %
2026/10/07 04:36:01.640, 66807 MiB, 100 %
2026/10/07 04:36:03.641, 66807 MiB, 98 %
2026/10/07 04:36:05.642, 66807 MiB, 95 %
2026/10/07 04:36:07.643, 66807 MiB, 100 %
2026/10/07 04:36:09.646, 66807 MiB, 100 %
2026/10/07 04:36:11.647, 66807 MiB, 85 %
2026/10/07 04:36:13.648, 66807 MiB, 100 %
2026/10/07 04:36:15.649, 66807 MiB, 97 %
2026/10/07 04:36:17.649, 66807 MiB, 100 %
2026/10/07 04:36:19.651, 66807 MiB, 100 %
2026/10/07 04:36:21.652, 66807 MiB, 100 %
2026/10/07 04:36:23.653, 66807 MiB, 100 %
2026/10/07 04:36:25.654, 66807 MiB, 100 %
2026/10/07 04:36:27.678, 66807 MiB, 100 %
2026/10/07 04:36:29.681, 66807 MiB, 95 %
2026/10/07 04:36:31.684, 66807 MiB, 94 %
2026/10/07 04:36:33.687, 66807 MiB, 100 %
2026/10/07 04:36:35.689, 66807 MiB, 100 %
2026/10/07 04:36:37.692, 66807 MiB, 96 %
2026/10/07 04:36:39.695, 66807 MiB, 100 %
2026/10/07 04:36:41.699, 66807 MiB, 87 %
2026/10/07 04:36:43.701, 66807 MiB, 100 %
2026/10/07 04:36:45.704, 66807 MiB, 100 %
2026/10/07 04:36:47.708, 66807 MiB, 100 %
2026/10/07 04:36:49.711, 66807 MiB, 95 %
2026/10/07 04:36:51.713, 66807 MiB, 100 %
2026/10/07 04:36:53.715, 66807 MiB, 100 %
2026/10/07 04:36:55.719, 66807 MiB, 100 %
2026/10/07 04:36:57.722, 66807 MiB, 100 %
2026/10/07 04:36:59.723, 66807 MiB, 100 %
2026/10/07 04:37:01.725, 66807 MiB, 100 %
2026/10/07 04:37:03.726, 66807 MiB, 88 %
2026/10/07 04:37:05.727, 66807 MiB, 100 %
2026/10/07 04:37:07.728, 66807 MiB, 100 %
2026/10/07 04:37:09.731, 66807 MiB, 100 %
2026/10/07 04:37:11.732, 66807 MiB, 88 %
2026/10/07 04:37:13.733, 66807 MiB, 100 %
2026/10/07 04:37:15.734, 66807 MiB, 100 %
2026/10/07 04:37:17.735, 66807 MiB, 100 %
2026/10/07 04:37:19.736, 66807 MiB, 89 %
2026/10/07 04:37:21.738, 66807 MiB, 100 %
2026/10/07 04:37:23.739, 66807 MiB, 100 %
2026/10/07 04:37:25.741, 66807 MiB, 100 %
2026/10/07 04:37:27.743, 66807 MiB, 95 %
2026/10/07 04:37:29.744, 66807 MiB, 100 %
2026/10/07 04:37:31.746, 66807 MiB, 100 %
2026/10/07 04:37:33.747, 66807 MiB, 100 %
2026/10/07 04:37:35.748, 66807 MiB, 100 %
2026/10/07 04:37:37.749, 66807 MiB, 100 %
2026/10/07 04:37:39.753, 66807 MiB, 100 %
2026/10/07 04:37:41.754, 66807 MiB, 100 %
2026/10/07 04:37:43.755, 66807 MiB, 96 %
2026/10/07 04:37:45.756, 66807 MiB, 100 %
2026/10/07 04:37:47.757, 66807 MiB, 100 %
2026/10/07 04:37:49.760, 66807 MiB, 100 %
2026/10/07 04:37:51.764, 66807 MiB, 100 %
2026/10/07 04:37:53.766, 66807 MiB, 100 %
2026/10/07 04:37:55.769, 66807 MiB, 100 %
2026/10/07 04:37:57.770, 66807 MiB, 97 %
2026/10/07 04:37:59.772, 66807 MiB, 19 %
2026/10/07 04:38:01.774, 66807 MiB, 100 %
2026/10/07 04:38:03.775, 66807 MiB, 100 %
2026/10/07 04:38:05.776, 66807 MiB, 100 %
2026/10/07 04:38:07.777, 66807 MiB, 85 %
2026/10/07 04:38:09.779, 66807 MiB, 0 %
2026/10/07 04:38:11.780, 66807 MiB, 100 %
2026/10/07 04:38:13.782, 66807 MiB, 100 %
2026/10/07 04:38:15.783, 66807 MiB, 100 %
2026/10/07 04:38:17.785, 66807 MiB, 100 %
2026/10/07 04:38:19.787, 66807 MiB, 100 %
2026/10/07 04:38:21.789, 66807 MiB, 100 %
2026/10/07 04:38:23.791, 66807 MiB, 100 %
2026/10/07 04:38:25.793, 66807 MiB, 100 %
2026/10/07 04:38:27.798, 66807 MiB, 100 %
2026/10/07 04:38:29.801, 66807 MiB, 100 %
2026/10/07 04:38:31.803, 66807 MiB, 100 %
2026/10/07 04:38:33.803, 66807 MiB, 100 %
2026/10/07 04:38:35.805, 66807 MiB, 100 %
2026/10/07 04:38:37.806, 66807 MiB, 100 %
2026/10/07 04:38:39.811, 66807 MiB, 100 %
2026/10/07 04:38:41.814, 66807 MiB, 100 %
2026/10/07 04:38:43.815, 66807 MiB, 100 %
2026/10/07 04:38:45.817, 66807 MiB, 100 %
2026/10/07 04:38:47.818, 66807 MiB, 97 %
2026/10/07 04:38:49.821, 66807 MiB, 100 %
2026/10/07 04:38:51.822, 66807 MiB, 100 %
2026/10/07 04:38:53.825, 66807 MiB, 100 %
2026/10/07 04:38:55.830, 66807 MiB, 100 %
2026/10/07 04:38:57.831, 66807 MiB, 0 %
2026/10/07 04:38:59.833, 66807 MiB, 100 %
2026/10/07 04:39:01.836, 66807 MiB, 100 %
2026/10/07 04:39:03.839, 66807 MiB, 100 %
2026/10/07 04:39:05.841, 66807 MiB, 100 %
2026/10/07 04:39:07.841, 66807 MiB, 100 %
2026/10/07 04:39:09.844, 66807 MiB, 100 %
2026/10/07 04:39:11.846, 66807 MiB, 100 %
2026/10/07 04:39:13.847, 66807 MiB, 100 %
2026/10/07 04:39:15.848, 66807 MiB, 100 %
2026/10/07 04:39:17.850, 66807 MiB, 100 %
2026/10/07 04:39:19.851, 66807 MiB, 100 %
2026/10/07 04:39:21.852, 66807 MiB, 100 %
2026/10/07 04:39:23.852, 66807 MiB, 100 %
2026/10/07 04:39:25.854, 66807 MiB, 100 %
2026/10/07 04:39:27.855, 66807 MiB, 100 %
2026/10/07 04:39:29.856, 66807 MiB, 100 %
2026/10/07 04:39:31.858, 66807 MiB, 100 %
2026/10/07 04:39:33.861, 66807 MiB, 100 %
2026/10/07 04:39:35.863, 66807 MiB, 100 %
2026/10/07 04:39:37.864, 66807 MiB, 100 %
2026/10/07 04:39:39.865, 66807 MiB, 100 %
2026/10/07 04:39:41.866, 66807 MiB, 100 %
2026/10/07 04:39:43.867, 66807 MiB, 100 %
2026/10/07 04:39:45.868, 66807 MiB, 100 %
2026/10/07 04:39:47.869, 66807 MiB, 100 %
2026/10/07 04:39:49.871, 66807 MiB, 100 %
2026/10/07 04:39:51.873, 66807 MiB, 100 %
2026/10/07 04:39:53.874, 66807 MiB, 100 %
2026/10/07 04:39:55.876, 66807 MiB, 100 %
2026/10/07 04:39:57.877, 66807 MiB, 100 %
2026/10/07 04:39:59.879, 66807 MiB, 100 %
2026/10/07 04:40:01.881, 66807 MiB, 100 %
2026/10/07 04:40:03.883, 66807 MiB, 100 %
2026/10/07 04:40:05.884, 66807 MiB, 100 %
2026/10/07 04:40:07.885, 66807 MiB, 100 %
2026/10/07 04:40:09.887, 66807 MiB, 100 %
2026/10/07 04:40:11.888, 66807 MiB, 100 %
2026/10/07 04:40:13.889, 66807 MiB, 100 %
2026/10/07 04:40:15.890, 66807 MiB, 100 %
2026/10/07 04:40:17.891, 66807 MiB, 100 %
2026/10/07 04:40:19.892, 66807 MiB, 100 %
2026/10/07 04:40:21.894, 66807 MiB, 100 %
2026/10/07 04:40:23.895, 66807 MiB, 100 %
2026/10/07 04:40:25.896, 66807 MiB, 100 %
2026/10/07 04:40:27.897, 66807 MiB, 100 %
2026/10/07 04:40:29.899, 66807 MiB, 100 %
2026/10/07 04:40:31.900, 66807 MiB, 100 %
2026/10/07 04:40:33.901, 66807 MiB, 100 %
2026/10/07 04:40:35.903, 66807 MiB, 100 %
2026/10/07 04:40:37.905, 66807 MiB, 100 %
2026/10/07 04:40:39.913, 66807 MiB, 100 %
2026/10/07 04:40:41.915, 66807 MiB, 100 %
2026/10/07 04:40:43.916, 66807 MiB, 100 %
2026/10/07 04:40:45.917, 66807 MiB, 100 %
2026/10/07 04:40:47.919, 66807 MiB, 100 %
2026/10/07 04:40:49.920, 66807 MiB, 100 %
2026/10/07 04:40:51.923, 66807 MiB, 100 %
2026/10/07 04:40:53.924, 66807 MiB, 100 %
2026/10/07 04:40:55.926, 66807 MiB, 100 %
2026/10/07 04:40:57.927, 66807 MiB, 100 %
2026/10/07 04:40:59.928, 66807 MiB, 100 %
2026/10/07 04:41:01.930, 66807 MiB, 100 %
2026/10/07 04:41:03.932, 66807 MiB, 100 %
2026/10/07 04:41:05.934, 66807 MiB, 100 %
2026/10/07 04:41:07.935, 66807 MiB, 100 %
2026/10/07 04:41:09.941, 66807 MiB, 100 %
2026/10/07 04:41:11.941, 66807 MiB, 100 %
2026/10/07 04:41:13.944, 66807 MiB, 100 %
2026/10/07 04:41:15.945, 66807 MiB, 100 %
2026/10/07 04:41:17.947, 66807 MiB, 100 %
2026/10/07 04:41:19.948, 66807 MiB, 100 %
2026/10/07 04:41:21.949, 66807 MiB, 100 %
2026/10/07 04:41:23.950, 66807 MiB, 100 %
2026/10/07 04:41:25.951, 66807 MiB, 100 %
2026/10/07 04:41:27.952, 66807 MiB, 95 %
2026/10/07 04:41:29.953, 66807 MiB, 95 %
2026/10/07 04:41:31.955, 66807 MiB, 100 %
2026/10/07 04:41:33.956, 66807 MiB, 100 %
2026/10/07 04:41:35.957, 66807 MiB, 100 %
2026/10/07 04:41:37.958, 66807 MiB, 100 %
2026/10/07 04:41:39.965, 66807 MiB, 100 %
2026/10/07 04:41:41.966, 66807 MiB, 100 %
2026/10/07 04:41:43.968, 66807 MiB, 100 %
2026/10/07 04:41:45.969, 66807 MiB, 100 %
2026/10/07 04:41:47.973, 66807 MiB, 100 %
2026/10/07 04:41:49.974, 66807 MiB, 100 %
2026/10/07 04:41:51.976, 66807 MiB, 100 %
2026/10/07 04:41:53.977, 66807 MiB, 90 %
2026/10/07 04:41:55.978, 66807 MiB, 100 %
2026/10/07 04:41:57.979, 66807 MiB, 100 %
2026/10/07 04:41:59.981, 66807 MiB, 100 %
2026/10/07 04:42:01.982, 66807 MiB, 100 %
2026/10/07 04:42:03.983, 66807 MiB, 96 %
2026/10/07 04:42:05.985, 66807 MiB, 100 %
2026/10/07 04:42:07.986, 66807 MiB, 96 %
2026/10/07 04:42:09.992, 66807 MiB, 100 %
2026/10/07 04:42:11.993, 66807 MiB, 100 %
2026/10/07 04:42:13.995, 66807 MiB, 100 %
2026/10/07 04:42:15.996, 66807 MiB, 100 %
2026/10/07 04:42:17.998, 66807 MiB, 100 %
2026/10/07 04:42:19.999, 66807 MiB, 100 %
2026/10/07 04:42:22.001, 66807 MiB, 100 %
2026/10/07 04:42:24.003, 66807 MiB, 100 %
2026/10/07 04:42:26.004, 66807 MiB, 100 %
2026/10/07 04:42:28.006, 66807 MiB, 100 %
2026/10/07 04:42:30.007, 66807 MiB, 100 %
2026/10/07 04:42:32.009, 66807 MiB, 100 %
2026/10/07 04:42:34.010, 66807 MiB, 100 %
2026/10/07 04:42:36.012, 66807 MiB, 100 %
2026/10/07 04:42:38.013, 66807 MiB, 100 %
2026/10/07 04:42:40.018, 66807 MiB, 100 %
2026/10/07 04:42:42.019, 66807 MiB, 100 %
2026/10/07 04:42:44.020, 66807 MiB, 100 %
2026/10/07 04:42:46.021, 66807 MiB, 100 %
2026/10/07 04:42:48.023, 66807 MiB, 95 %
2026/10/07 04:42:50.024, 66807 MiB, 95 %
2026/10/07 04:42:52.026, 66807 MiB, 91 %
2026/10/07 04:42:54.027, 66807 MiB, 100 %
2026/10/07 04:42:56.029, 66807 MiB, 100 %
2026/10/07 04:42:58.030, 66807 MiB, 96 %
2026/10/07 04:43:00.031, 66807 MiB, 100 %
2026/10/07 04:43:02.033, 66807 MiB, 100 %
2026/10/07 04:43:04.034, 66807 MiB, 100 %
2026/10/07 04:43:06.035, 66807 MiB, 95 %
2026/10/07 04:43:08.036, 66807 MiB, 95 %
2026/10/07 04:43:10.039, 66807 MiB, 100 %
2026/10/07 04:43:12.040, 66807 MiB, 100 %
2026/10/07 04:43:14.041, 66807 MiB, 100 %
2026/10/07 04:43:16.042, 66807 MiB, 100 %
2026/10/07 04:43:18.043, 66807 MiB, 100 %
2026/10/07 04:43:20.044, 66807 MiB, 100 %
2026/10/07 04:43:22.045, 66807 MiB, 100 %
2026/10/07 04:43:24.048, 66807 MiB, 100 %
2026/10/07 04:43:26.049, 66807 MiB, 100 %
2026/10/07 04:43:28.051, 66807 MiB, 100 %
2026/10/07 04:43:30.052, 66807 MiB, 90 %
2026/10/07 04:43:32.053, 66807 MiB, 96 %
2026/10/07 04:43:34.054, 66807 MiB, 100 %
2026/10/07 04:43:36.055, 66807 MiB, 100 %
2026/10/07 04:43:38.057, 66807 MiB, 100 %
2026/10/07 04:43:40.060, 66807 MiB, 100 %
2026/10/07 04:43:42.061, 66807 MiB, 100 %
2026/10/07 04:43:44.062, 66807 MiB, 100 %
2026/10/07 04:43:46.063, 66807 MiB, 100 %
2026/10/07 04:43:48.064, 66807 MiB, 100 %
2026/10/07 04:43:50.066, 66807 MiB, 65 %
2026/10/07 04:43:52.067, 66807 MiB, 100 %
2026/10/07 04:43:54.068, 66807 MiB, 100 %
2026/10/07 04:43:56.071, 66807 MiB, 100 %
2026/10/07 04:43:58.073, 66807 MiB, 100 %
2026/10/07 04:44:00.075, 66807 MiB, 9 %
2026/10/07 04:44:02.078, 66807 MiB, 100 %
2026/10/07 04:44:04.080, 66807 MiB, 100 %
2026/10/07 04:44:06.083, 66807 MiB, 100 %
2026/10/07 04:44:08.085, 66807 MiB, 100 %
2026/10/07 04:44:10.096, 66807 MiB, 0 %
2026/10/07 04:44:12.097, 66807 MiB, 100 %
2026/10/07 04:44:14.100, 66807 MiB, 80 %
2026/10/07 04:44:16.102, 66807 MiB, 100 %
2026/10/07 04:44:18.104, 66807 MiB, 100 %
2026/10/07 04:44:20.107, 66807 MiB, 100 %
2026/10/07 04:44:22.110, 66807 MiB, 100 %
2026/10/07 04:44:24.112, 66807 MiB, 100 %
2026/10/07 04:44:26.114, 66807 MiB, 100 %
2026/10/07 04:44:28.117, 66807 MiB, 100 %
2026/10/07 04:44:30.120, 66807 MiB, 100 %
2026/10/07 04:44:32.123, 66807 MiB, 100 %
2026/10/07 04:44:34.125, 66807 MiB, 41 %
2026/10/07 04:44:36.126, 66807 MiB, 100 %
2026/10/07 04:44:38.127, 66807 MiB, 100 %
2026/10/07 04:44:40.128, 66807 MiB, 100 %
2026/10/07 04:44:42.129, 66807 MiB, 100 %
2026/10/07 04:44:44.131, 66807 MiB, 100 %
2026/10/07 04:44:46.133, 66807 MiB, 100 %
2026/10/07 04:44:48.135, 66807 MiB, 100 %
2026/10/07 04:44:50.136, 66807 MiB, 100 %
2026/10/07 04:44:52.137, 66807 MiB, 100 %
2026/10/07 04:44:54.139, 66807 MiB, 100 %
2026/10/07 04:44:56.142, 66807 MiB, 91 %
2026/10/07 04:44:58.144, 66807 MiB, 100 %
2026/10/07 04:45:00.147, 66807 MiB, 100 %
2026/10/07 04:45:02.150, 66807 MiB, 100 %
2026/10/07 04:45:04.152, 66807 MiB, 100 %
2026/10/07 04:45:06.153, 66921 MiB, 100 %
2026/10/07 04:45:08.155, 66807 MiB, 100 %
2026/10/07 04:45:10.483, 66807 MiB, 100 %
2026/10/07 04:45:12.486, 66807 MiB, 100 %
2026/10/07 04:45:14.489, 66807 MiB, 97 %
2026/10/07 04:45:16.490, 66807 MiB, 100 %
2026/10/07 04:45:18.493, 66807 MiB, 100 %
2026/10/07 04:45:20.496, 66807 MiB, 100 %
2026/10/07 04:45:22.499, 66807 MiB, 100 %
2026/10/07 04:45:24.501, 66807 MiB, 100 %
2026/10/07 04:45:26.503, 66807 MiB, 100 %
2026/10/07 04:45:28.506, 66807 MiB, 100 %
2026/10/07 04:45:30.509, 66807 MiB, 100 %
2026/10/07 04:45:32.512, 66807 MiB, 100 %
2026/10/07 04:45:34.515, 66807 MiB, 56 %
2026/10/07 04:45:36.517, 66807 MiB, 0 %
2026/10/07 04:45:38.520, 66807 MiB, 100 %
2026/10/07 04:45:40.526, 66807 MiB, 100 %
2026/10/07 04:45:42.528, 66807 MiB, 100 %
2026/10/07 04:45:44.531, 66807 MiB, 100 %
2026/10/07 04:45:46.534, 66807 MiB, 100 %
2026/10/07 04:45:48.537, 66807 MiB, 100 %
2026/10/07 04:45:50.540, 66807 MiB, 100 %
2026/10/07 04:45:52.543, 66807 MiB, 100 %
2026/10/07 04:45:54.545, 66807 MiB, 100 %
2026/10/07 04:45:56.548, 66807 MiB, 100 %
2026/10/07 04:45:58.551, 66807 MiB, 100 %
2026/10/07 04:46:00.554, 66807 MiB, 100 %
2026/10/07 04:46:02.557, 66807 MiB, 100 %
2026/10/07 04:46:04.558, 66807 MiB, 100 %
2026/10/07 04:46:06.559, 66807 MiB, 100 %
2026/10/07 04:46:08.560, 66807 MiB, 100 %
2026/10/07 04:46:10.565, 66807 MiB, 100 %
2026/10/07 04:46:12.567, 66807 MiB, 100 %
2026/10/07 04:46:14.568, 66807 MiB, 100 %
2026/10/07 04:46:16.569, 66807 MiB, 100 %
2026/10/07 04:46:18.571, 66807 MiB, 100 %
2026/10/07 04:46:20.573, 66807 MiB, 100 %
2026/10/07 04:46:22.576, 66807 MiB, 100 %
2026/10/07 04:46:24.578, 66807 MiB, 100 %
2026/10/07 04:46:26.580, 66807 MiB, 100 %
2026/10/07 04:46:28.584, 66807 MiB, 100 %
2026/10/07 04:46:30.587, 66807 MiB, 100 %
2026/10/07 04:46:32.590, 66807 MiB, 100 %
2026/10/07 04:46:34.592, 66807 MiB, 100 %
2026/10/07 04:46:36.595, 66807 MiB, 100 %
2026/10/07 04:46:38.598, 66807 MiB, 100 %
2026/10/07 04:46:40.601, 66807 MiB, 100 %
2026/10/07 04:46:42.604, 66807 MiB, 100 %
2026/10/07 04:46:44.606, 66807 MiB, 100 %
2026/10/07 04:46:46.609, 66807 MiB, 100 %
2026/10/07 04:46:48.612, 66807 MiB, 100 %
2026/10/07 04:46:50.615, 66807 MiB, 100 %
2026/10/07 04:46:52.618, 66807 MiB, 100 %
2026/10/07 04:46:54.621, 66807 MiB, 100 %
2026/10/07 04:46:56.623, 66807 MiB, 100 %
2026/10/07 04:46:58.626, 66807 MiB, 100 %
2026/10/07 04:47:00.629, 66807 MiB, 100 %
2026/10/07 04:47:02.631, 66807 MiB, 100 %
2026/10/07 04:47:04.634, 66807 MiB, 100 %
2026/10/07 04:47:06.637, 66807 MiB, 100 %
2026/10/07 04:47:08.640, 66807 MiB, 100 %
2026/10/07 04:47:10.644, 66807 MiB, 100 %
2026/10/07 04:47:12.647, 66807 MiB, 100 %
2026/10/07 04:47:14.649, 66807 MiB, 100 %
2026/10/07 04:47:16.652, 66807 MiB, 100 %
2026/10/07 04:47:18.655, 66807 MiB, 100 %
2026/10/07 04:47:20.658, 66807 MiB, 100 %
2026/10/07 04:47:22.660, 66807 MiB, 100 %
2026/10/07 04:47:24.663, 66807 MiB, 100 %
2026/10/07 04:47:26.666, 66807 MiB, 100 %
2026/10/07 04:47:28.668, 66807 MiB, 100 %
2026/10/07 04:47:30.672, 66807 MiB, 100 %
2026/10/07 04:47:32.674, 66807 MiB, 100 %
2026/10/07 04:47:34.676, 66807 MiB, 100 %
2026/10/07 04:47:36.679, 66807 MiB, 100 %
2026/10/07 04:47:38.682, 66807 MiB, 100 %
2026/10/07 04:47:40.685, 66807 MiB, 100 %
2026/10/07 04:47:42.688, 66807 MiB, 100 %
2026/10/07 04:47:44.691, 66807 MiB, 100 %
2026/10/07 04:47:46.694, 66807 MiB, 100 %
2026/10/07 04:47:48.696, 66807 MiB, 100 %
2026/10/07 04:47:50.698, 66807 MiB, 100 %
2026/10/07 04:47:52.701, 66807 MiB, 100 %
2026/10/07 04:47:54.703, 66807 MiB, 100 %
2026/10/07 04:47:56.706, 66807 MiB, 100 %
2026/10/07 04:47:58.708, 66807 MiB, 100 %
2026/10/07 04:48:00.711, 66807 MiB, 100 %
2026/10/07 04:48:02.714, 66807 MiB, 100 %
2026/10/07 04:48:04.716, 66807 MiB, 100 %
2026/10/07 04:48:06.719, 66807 MiB, 100 %
2026/10/07 04:48:08.721, 66807 MiB, 100 %
2026/10/07 04:48:10.724, 66807 MiB, 100 %
2026/10/07 04:48:12.727, 66807 MiB, 100 %
2026/10/07 04:48:14.730, 66807 MiB, 100 %
2026/10/07 04:48:16.733, 66807 MiB, 100 %
2026/10/07 04:48:18.736, 66807 MiB, 100 %
2026/10/07 04:48:20.739, 66807 MiB, 100 %
2026/10/07 04:48:22.742, 66807 MiB, 100 %
2026/10/07 04:48:24.744, 66807 MiB, 100 %
2026/10/07 04:48:26.747, 66807 MiB, 100 %
2026/10/07 04:48:28.749, 66807 MiB, 100 %
2026/10/07 04:48:30.752, 66807 MiB, 100 %
2026/10/07 04:48:32.754, 66807 MiB, 100 %
2026/10/07 04:48:34.757, 66807 MiB, 100 %
2026/10/07 04:48:36.760, 66807 MiB, 100 %
2026/10/07 04:48:38.764, 66807 MiB, 100 %
2026/10/07 04:48:40.768, 66807 MiB, 100 %
2026/10/07 04:48:42.770, 66807 MiB, 100 %
2026/10/07 04:48:44.772, 66807 MiB, 100 %
2026/10/07 04:48:46.774, 66807 MiB, 100 %
2026/10/07 04:48:48.776, 66807 MiB, 100 %
2026/10/07 04:48:50.778, 66807 MiB, 100 %
2026/10/07 04:48:52.782, 66807 MiB, 100 %
2026/10/07 04:48:54.785, 66807 MiB, 100 %
2026/10/07 04:48:56.788, 66807 MiB, 100 %
2026/10/07 04:48:58.791, 66807 MiB, 100 %
2026/10/07 04:49:00.794, 66807 MiB, 100 %
2026/10/07 04:49:02.796, 66807 MiB, 100 %
2026/10/07 04:49:04.799, 66807 MiB, 100 %
2026/10/07 04:49:06.801, 66807 MiB, 100 %
2026/10/07 04:49:08.804, 66807 MiB, 100 %
2026/10/07 04:49:10.814, 66807 MiB, 100 %
2026/10/07 04:49:12.816, 66807 MiB, 100 %
2026/10/07 04:49:14.819, 66807 MiB, 100 %
2026/10/07 04:49:16.822, 66807 MiB, 100 %
2026/10/07 04:49:18.823, 66807 MiB, 100 %
2026/10/07 04:49:20.826, 66807 MiB, 100 %
2026/10/07 04:49:22.829, 66807 MiB, 100 %
2026/10/07 04:49:24.830, 66807 MiB, 100 %
2026/10/07 04:49:26.833, 66807 MiB, 100 %
2026/10/07 04:49:28.836, 66807 MiB, 100 %
2026/10/07 04:49:30.839, 66807 MiB, 100 %
2026/10/07 04:49:32.841, 66807 MiB, 100 %
2026/10/07 04:49:34.844, 66807 MiB, 100 %
2026/10/07 04:49:36.848, 66807 MiB, 89 %
2026/10/07 04:49:38.851, 66807 MiB, 100 %
2026/10/07 04:49:40.855, 66807 MiB, 96 %
2026/10/07 04:49:42.857, 66807 MiB, 100 %
2026/10/07 04:49:44.859, 66807 MiB, 100 %
2026/10/07 04:49:46.861, 66807 MiB, 100 %
2026/10/07 04:49:48.864, 66807 MiB, 100 %
2026/10/07 04:49:50.866, 66807 MiB, 100 %
2026/10/07 04:49:52.869, 66807 MiB, 100 %
2026/10/07 04:49:54.871, 66807 MiB, 100 %
2026/10/07 04:49:56.874, 66807 MiB, 100 %
2026/10/07 04:49:58.877, 66807 MiB, 100 %
2026/10/07 04:50:00.882, 66807 MiB, 100 %
2026/10/07 04:50:02.885, 66807 MiB, 96 %
2026/10/07 04:50:04.888, 66807 MiB, 100 %
2026/10/07 04:50:06.889, 66807 MiB, 100 %
2026/10/07 04:50:08.892, 66807 MiB, 100 %
2026/10/07 04:50:10.895, 66807 MiB, 100 %
2026/10/07 04:50:12.897, 66807 MiB, 100 %
2026/10/07 04:50:14.900, 66807 MiB, 100 %
2026/10/07 04:50:16.902, 66807 MiB, 100 %
2026/10/07 04:50:18.905, 66807 MiB, 96 %
2026/10/07 04:50:20.907, 66807 MiB, 100 %
2026/10/07 04:50:22.907, 66807 MiB, 100 %
2026/10/07 04:50:24.909, 66807 MiB, 100 %
2026/10/07 04:50:26.910, 66807 MiB, 100 %
2026/10/07 04:50:28.911, 66807 MiB, 100 %
2026/10/07 04:50:30.913, 66807 MiB, 100 %
2026/10/07 04:50:32.914, 66807 MiB, 100 %
2026/10/07 04:50:34.915, 66807 MiB, 90 %
2026/10/07 04:50:36.917, 66807 MiB, 100 %
2026/10/07 04:50:38.918, 66807 MiB, 100 %
2026/10/07 04:50:40.921, 66807 MiB, 100 %
2026/10/07 04:50:42.924, 66807 MiB, 100 %
2026/10/07 04:50:44.926, 66807 MiB, 100 %
2026/10/07 04:50:46.929, 66807 MiB, 89 %
2026/10/07 04:50:48.934, 66807 MiB, 100 %
2026/10/07 04:50:50.937, 66807 MiB, 100 %
2026/10/07 04:50:52.940, 66807 MiB, 100 %
2026/10/07 04:50:54.943, 66807 MiB, 96 %
2026/10/07 04:50:56.945, 66807 MiB, 100 %
2026/10/07 04:50:58.947, 66807 MiB, 100 %
2026/10/07 04:51:00.949, 66807 MiB, 100 %
2026/10/07 04:51:02.951, 66807 MiB, 100 %
2026/10/07 04:51:04.953, 66807 MiB, 100 %
2026/10/07 04:51:06.954, 66807 MiB, 95 %
2026/10/07 04:51:08.957, 66807 MiB, 100 %
2026/10/07 04:51:10.960, 66807 MiB, 100 %
2026/10/07 04:51:12.961, 66807 MiB, 100 %
2026/10/07 04:51:14.964, 66807 MiB, 100 %
2026/10/07 04:51:16.966, 66807 MiB, 100 %
2026/10/07 04:51:18.969, 66807 MiB, 100 %
2026/10/07 04:51:20.972, 66807 MiB, 100 %
2026/10/07 04:51:22.974, 66807 MiB, 100 %
2026/10/07 04:51:24.976, 66807 MiB, 100 %
2026/10/07 04:51:26.978, 66807 MiB, 100 %
2026/10/07 04:51:28.981, 66807 MiB, 100 %
2026/10/07 04:51:30.983, 66807 MiB, 100 %
2026/10/07 04:51:32.985, 66807 MiB, 100 %
2026/10/07 04:51:34.988, 66807 MiB, 100 %
2026/10/07 04:51:36.991, 66807 MiB, 100 %
2026/10/07 04:51:38.993, 66807 MiB, 98 %
2026/10/07 04:51:41.001, 66807 MiB, 100 %
2026/10/07 04:51:43.003, 66807 MiB, 100 %
2026/10/07 04:51:45.005, 66807 MiB, 100 %
2026/10/07 04:51:47.008, 66807 MiB, 100 %
2026/10/07 04:51:49.011, 66807 MiB, 100 %
2026/10/07 04:51:51.013, 66807 MiB, 100 %
2026/10/07 04:51:53.016, 66807 MiB, 100 %
2026/10/07 04:51:55.019, 66807 MiB, 89 %
2026/10/07 04:51:57.022, 66807 MiB, 100 %
2026/10/07 04:51:59.024, 66807 MiB, 100 %
2026/10/07 04:52:01.025, 66807 MiB, 100 %
2026/10/07 04:52:03.028, 66807 MiB, 76 %
2026/10/07 04:52:05.031, 66807 MiB, 100 %
2026/10/07 04:52:07.033, 66807 MiB, 100 %
2026/10/07 04:52:09.035, 66807 MiB, 100 %
2026/10/07 04:52:11.040, 66807 MiB, 100 %
2026/10/07 04:52:13.042, 66807 MiB, 62 %
2026/10/07 04:52:15.045, 66807 MiB, 100 %
2026/10/07 04:52:17.046, 66807 MiB, 100 %
2026/10/07 04:52:19.049, 66807 MiB, 0 %
2026/10/07 04:52:21.053, 66807 MiB, 100 %
2026/10/07 04:52:23.055, 66807 MiB, 10 %
2026/10/07 04:52:25.057, 66807 MiB, 100 %
2026/10/07 04:52:27.059, 66807 MiB, 100 %
2026/10/07 04:52:29.062, 66807 MiB, 100 %
2026/10/07 04:52:31.063, 66807 MiB, 100 %
2026/10/07 04:52:33.066, 66807 MiB, 100 %
2026/10/07 04:52:35.068, 66807 MiB, 100 %
2026/10/07 04:52:37.071, 66807 MiB, 0 %
2026/10/07 04:52:39.073, 66807 MiB, 100 %
2026/10/07 04:52:41.076, 66807 MiB, 100 %
2026/10/07 04:52:43.078, 66807 MiB, 100 %
2026/10/07 04:52:45.080, 66807 MiB, 100 %
2026/10/07 04:52:47.082, 66807 MiB, 100 %
2026/10/07 04:52:49.084, 66807 MiB, 100 %
2026/10/07 04:52:51.086, 66807 MiB, 100 %
2026/10/07 04:52:53.088, 66807 MiB, 100 %
2026/10/07 04:52:55.089, 66807 MiB, 100 %
2026/10/07 04:52:57.092, 66807 MiB, 100 %
2026/10/07 04:52:59.094, 66807 MiB, 100 %
2026/10/07 04:53:01.095, 66807 MiB, 100 %
2026/10/07 04:53:03.098, 66807 MiB, 97 %
2026/10/07 04:53:05.100, 66807 MiB, 100 %
2026/10/07 04:53:07.101, 66807 MiB, 100 %
2026/10/07 04:53:09.103, 66807 MiB, 100 %
2026/10/07 04:53:11.121, 66807 MiB, 100 %
2026/10/07 04:53:13.123, 66807 MiB, 100 %
2026/10/07 04:53:15.126, 66807 MiB, 100 %
2026/10/07 04:53:17.128, 66807 MiB, 100 %
2026/10/07 04:53:19.131, 66807 MiB, 100 %
2026/10/07 04:53:21.134, 66807 MiB, 100 %
2026/10/07 04:53:23.137, 66807 MiB, 100 %
2026/10/07 04:53:25.139, 66807 MiB, 100 %
2026/10/07 04:53:27.142, 66807 MiB, 100 %
2026/10/07 04:53:29.144, 66807 MiB, 63 %
2026/10/07 04:53:31.146, 66807 MiB, 100 %
2026/10/07 04:53:33.149, 66807 MiB, 100 %
2026/10/07 04:53:35.152, 66807 MiB, 100 %
2026/10/07 04:53:37.154, 66807 MiB, 9 %
2026/10/07 04:53:39.156, 66807 MiB, 100 %
2026/10/07 04:53:41.163, 66807 MiB, 100 %
2026/10/07 04:53:43.166, 66807 MiB, 78 %
2026/10/07 04:53:45.169, 66807 MiB, 100 %
2026/10/07 04:53:47.172, 66807 MiB, 100 %
2026/10/07 04:53:49.174, 66807 MiB, 100 %
2026/10/07 04:53:51.175, 66807 MiB, 100 %
2026/10/07 04:53:53.177, 66807 MiB, 100 %
2026/10/07 04:53:55.180, 66807 MiB, 100 %
2026/10/07 04:53:57.183, 66807 MiB, 100 %
2026/10/07 04:53:59.185, 66807 MiB, 100 %
2026/10/07 04:54:01.187, 66807 MiB, 0 %
2026/10/07 04:54:03.189, 66807 MiB, 99 %
2026/10/07 04:54:05.192, 66807 MiB, 100 %
2026/10/07 04:54:07.195, 66807 MiB, 100 %
2026/10/07 04:54:09.198, 66807 MiB, 100 %
2026/10/07 04:54:11.203, 66807 MiB, 100 %
2026/10/07 04:54:13.205, 66807 MiB, 100 %
2026/10/07 04:54:15.206, 66807 MiB, 100 %
2026/10/07 04:54:17.208, 66807 MiB, 100 %
2026/10/07 04:54:19.210, 66807 MiB, 100 %
2026/10/07 04:54:21.214, 66807 MiB, 100 %
2026/10/07 04:54:23.215, 66807 MiB, 100 %
2026/10/07 04:54:25.218, 66807 MiB, 100 %
2026/10/07 04:54:27.220, 66807 MiB, 100 %
2026/10/07 04:54:29.222, 66807 MiB, 100 %
2026/10/07 04:54:31.224, 66807 MiB, 100 %
2026/10/07 04:54:33.225, 66807 MiB, 100 %
2026/10/07 04:54:35.227, 66807 MiB, 100 %
2026/10/07 04:54:37.229, 66807 MiB, 100 %
2026/10/07 04:54:39.232, 66807 MiB, 100 %
2026/10/07 04:54:41.238, 66807 MiB, 100 %
2026/10/07 04:54:43.240, 66807 MiB, 100 %
2026/10/07 04:54:45.242, 66807 MiB, 100 %
2026/10/07 04:54:47.245, 66807 MiB, 100 %
2026/10/07 04:54:49.248, 66807 MiB, 100 %
2026/10/07 04:54:51.250, 66807 MiB, 100 %
2026/10/07 04:54:53.253, 66807 MiB, 100 %
2026/10/07 04:54:55.256, 66807 MiB, 100 %
2026/10/07 04:54:57.258, 66807 MiB, 100 %
2026/10/07 04:54:59.261, 66807 MiB, 100 %
2026/10/07 04:55:01.264, 66807 MiB, 100 %
2026/10/07 04:55:03.266, 66807 MiB, 100 %
2026/10/07 04:55:05.269, 66807 MiB, 100 %
2026/10/07 04:55:07.272, 66807 MiB, 100 %
2026/10/07 04:55:09.274, 66807 MiB, 100 %
2026/10/07 04:55:11.282, 66807 MiB, 100 %
2026/10/07 04:55:13.283, 66807 MiB, 100 %
2026/10/07 04:55:15.285, 66807 MiB, 100 %
2026/10/07 04:55:17.287, 66807 MiB, 100 %
2026/10/07 04:55:19.289, 66807 MiB, 100 %
2026/10/07 04:55:21.291, 66807 MiB, 100 %
2026/10/07 04:55:23.294, 66807 MiB, 100 %
2026/10/07 04:55:25.296, 66807 MiB, 100 %
2026/10/07 04:55:27.299, 66807 MiB, 100 %
2026/10/07 04:55:29.302, 66807 MiB, 100 %
2026/10/07 04:55:31.305, 66807 MiB, 100 %
2026/10/07 04:55:33.307, 66807 MiB, 100 %
2026/10/07 04:55:35.310, 66807 MiB, 100 %
2026/10/07 04:55:37.312, 66807 MiB, 100 %
2026/10/07 04:55:39.314, 66807 MiB, 100 %
2026/10/07 04:55:41.322, 66807 MiB, 96 %
2026/10/07 04:55:43.324, 66807 MiB, 100 %
2026/10/07 04:55:45.326, 66807 MiB, 100 %
2026/10/07 04:55:47.328, 66807 MiB, 100 %
2026/10/07 04:55:49.330, 66807 MiB, 100 %
2026/10/07 04:55:51.331, 66807 MiB, 100 %
2026/10/07 04:55:53.333, 66807 MiB, 100 %
2026/10/07 04:55:55.335, 66807 MiB, 100 %
2026/10/07 04:55:57.338, 66807 MiB, 100 %
2026/10/07 04:55:59.341, 66807 MiB, 100 %
2026/10/07 04:56:01.343, 66807 MiB, 100 %
2026/10/07 04:56:03.345, 66807 MiB, 100 %
2026/10/07 04:56:05.347, 66807 MiB, 100 %
2026/10/07 04:56:07.348, 66807 MiB, 100 %
2026/10/07 04:56:09.351, 66807 MiB, 100 %
2026/10/07 04:56:11.358, 66807 MiB, 100 %
2026/10/07 04:56:13.360, 66807 MiB, 100 %
2026/10/07 04:56:15.362, 66807 MiB, 100 %
2026/10/07 04:56:17.364, 66807 MiB, 100 %
2026/10/07 04:56:19.368, 66807 MiB, 100 %
2026/10/07 04:56:21.370, 66807 MiB, 99 %
2026/10/07 04:56:23.373, 66807 MiB, 100 %
2026/10/07 04:56:25.375, 66807 MiB, 100 %
2026/10/07 04:56:27.378, 66807 MiB, 100 %
2026/10/07 04:56:29.381, 66807 MiB, 100 %
2026/10/07 04:56:31.384, 66807 MiB, 100 %
2026/10/07 04:56:33.386, 66807 MiB, 100 %
2026/10/07 04:56:35.389, 66807 MiB, 100 %
2026/10/07 04:56:37.392, 66807 MiB, 100 %
2026/10/07 04:56:39.394, 66807 MiB, 100 %
2026/10/07 04:56:41.398, 66807 MiB, 100 %
2026/10/07 04:56:43.401, 66807 MiB, 100 %
2026/10/07 04:56:45.403, 66807 MiB, 100 %
2026/10/07 04:56:47.406, 66807 MiB, 100 %
2026/10/07 04:56:49.409, 66807 MiB, 100 %
2026/10/07 04:56:51.412, 66807 MiB, 100 %
2026/10/07 04:56:53.414, 66807 MiB, 100 %
2026/10/07 04:56:55.416, 66807 MiB, 100 %
2026/10/07 04:56:57.418, 66807 MiB, 100 %
2026/10/07 04:56:59.421, 66807 MiB, 100 %
2026/10/07 04:57:01.423, 66807 MiB, 100 %
2026/10/07 04:57:03.424, 66807 MiB, 100 %
2026/10/07 04:57:05.426, 66807 MiB, 100 %
2026/10/07 04:57:07.428, 66807 MiB, 100 %
2026/10/07 04:57:09.431, 66807 MiB, 100 %
2026/10/07 04:57:11.436, 66807 MiB, 100 %
2026/10/07 04:57:13.439, 66807 MiB, 89 %
2026/10/07 04:57:15.446, 66807 MiB, 100 %
2026/10/07 04:57:17.449, 66809 MiB, 100 %
2026/10/07 04:57:19.452, 66809 MiB, 100 %
2026/10/07 04:57:21.454, 66809 MiB, 100 %
2026/10/07 04:57:23.455, 66809 MiB, 100 %
2026/10/07 04:57:25.457, 66809 MiB, 100 %
2026/10/07 04:57:27.459, 66813 MiB, 88 %
2026/10/07 04:57:29.464, 66813 MiB, 100 %
2026/10/07 04:57:31.465, 66813 MiB, 100 %
2026/10/07 04:57:33.467, 66813 MiB, 100 %
2026/10/07 04:57:35.469, 66813 MiB, 100 %
2026/10/07 04:57:37.472, 66813 MiB, 100 %
2026/10/07 04:57:39.475, 66813 MiB, 95 %
2026/10/07 04:57:41.479, 66813 MiB, 100 %
2026/10/07 04:57:43.481, 66813 MiB, 100 %
2026/10/07 04:57:45.484, 66813 MiB, 100 %
2026/10/07 04:57:47.486, 66813 MiB, 100 %
2026/10/07 04:57:49.489, 66813 MiB, 100 %
2026/10/07 04:57:51.491, 66813 MiB, 97 %
2026/10/07 04:57:53.493, 66813 MiB, 85 %
2026/10/07 04:57:55.496, 66813 MiB, 100 %
2026/10/07 04:57:57.499, 66813 MiB, 100 %
2026/10/07 04:57:59.501, 66813 MiB, 100 %
2026/10/07 04:58:01.504, 66813 MiB, 100 %
2026/10/07 04:58:03.506, 66813 MiB, 100 %
2026/10/07 04:58:05.508, 66813 MiB, 100 %
2026/10/07 04:58:07.509, 66813 MiB, 100 %
2026/10/07 04:58:09.512, 66813 MiB, 100 %
2026/10/07 04:58:11.518, 66813 MiB, 100 %
2026/10/07 04:58:13.520, 66813 MiB, 100 %
2026/10/07 04:58:15.523, 66813 MiB, 100 %
2026/10/07 04:58:17.526, 66813 MiB, 100 %
2026/10/07 04:58:19.528, 66813 MiB, 96 %
2026/10/07 04:58:21.531, 66813 MiB, 100 %
2026/10/07 04:58:23.534, 66813 MiB, 97 %
2026/10/07 04:58:25.537, 66813 MiB, 100 %
2026/10/07 04:58:27.539, 66813 MiB, 100 %
2026/10/07 04:58:29.542, 66813 MiB, 100 %
2026/10/07 04:58:31.544, 66813 MiB, 100 %
2026/10/07 04:58:33.546, 66813 MiB, 97 %
2026/10/07 04:58:35.548, 66813 MiB, 87 %
2026/10/07 04:58:37.551, 66813 MiB, 100 %
2026/10/07 04:58:39.554, 66813 MiB, 100 %
2026/10/07 04:58:41.558, 66813 MiB, 100 %
2026/10/07 04:58:43.560, 66813 MiB, 100 %
2026/10/07 04:58:45.561, 66813 MiB, 100 %
2026/10/07 04:58:47.563, 66813 MiB, 100 %
2026/10/07 04:58:49.565, 66813 MiB, 100 %
2026/10/07 04:58:51.568, 66813 MiB, 100 %
2026/10/07 04:58:53.569, 66813 MiB, 100 %
2026/10/07 04:58:55.571, 66813 MiB, 90 %
2026/10/07 04:58:57.573, 66813 MiB, 100 %
2026/10/07 04:58:59.575, 66813 MiB, 100 %
2026/10/07 04:59:01.577, 66813 MiB, 100 %
2026/10/07 04:59:03.579, 66813 MiB, 100 %
2026/10/07 04:59:05.580, 66813 MiB, 100 %
2026/10/07 04:59:07.583, 66813 MiB, 100 %
2026/10/07 04:59:09.585, 66813 MiB, 100 %
2026/10/07 04:59:11.587, 66813 MiB, 100 %
2026/10/07 04:59:13.588, 66813 MiB, 100 %
2026/10/07 04:59:15.589, 66813 MiB, 100 %
2026/10/07 04:59:17.591, 66813 MiB, 100 %
2026/10/07 04:59:19.592, 66813 MiB, 100 %
2026/10/07 04:59:21.594, 66813 MiB, 100 %
2026/10/07 04:59:23.596, 66813 MiB, 100 %
2026/10/07 04:59:25.599, 66813 MiB, 100 %
2026/10/07 04:59:27.601, 66813 MiB, 100 %
2026/10/07 04:59:29.604, 66813 MiB, 100 %
2026/10/07 04:59:31.606, 66813 MiB, 100 %
2026/10/07 04:59:33.607, 66813 MiB, 100 %
2026/10/07 04:59:35.609, 66813 MiB, 100 %
2026/10/07 04:59:37.612, 66813 MiB, 100 %
2026/10/07 04:59:39.614, 66813 MiB, 100 %
2026/10/07 04:59:41.619, 66813 MiB, 97 %
2026/10/07 04:59:43.621, 66813 MiB, 100 %
2026/10/07 04:59:45.624, 66813 MiB, 100 %
2026/10/07 04:59:47.627, 66813 MiB, 100 %
2026/10/07 04:59:49.629, 66813 MiB, 0 %
2026/10/07 04:59:51.631, 66813 MiB, 100 %
2026/10/07 04:59:53.633, 66813 MiB, 100 %
2026/10/07 04:59:55.636, 66813 MiB, 42 %
2026/10/07 04:59:57.637, 66813 MiB, 100 %
2026/10/07 04:59:59.639, 66813 MiB, 100 %
2026/10/07 05:00:01.642, 66813 MiB, 100 %
2026/10/07 05:00:03.651, 66813 MiB, 15 %
2026/10/07 05:00:05.653, 67341 MiB, 95 %
2026/10/07 05:00:07.658, 66813 MiB, 100 %
2026/10/07 05:00:09.763, 66813 MiB, 100 %
2026/10/07 05:00:11.767, 66813 MiB, 100 %
2026/10/07 05:00:13.769, 66813 MiB, 100 %
2026/10/07 05:00:15.772, 66813 MiB, 100 %
2026/10/07 05:00:17.774, 66813 MiB, 100 %
2026/10/07 05:00:19.776, 66813 MiB, 91 %
2026/10/07 05:00:21.778, 66813 MiB, 100 %
2026/10/07 05:00:23.781, 66813 MiB, 100 %
2026/10/07 05:00:25.784, 66813 MiB, 0 %
2026/10/07 05:00:27.787, 66813 MiB, 67 %
2026/10/07 05:00:29.789, 66813 MiB, 100 %
2026/10/07 05:00:31.792, 66813 MiB, 100 %
2026/10/07 05:00:33.794, 66813 MiB, 100 %
2026/10/07 05:00:35.797, 66813 MiB, 100 %
2026/10/07 05:00:37.799, 66813 MiB, 100 %
2026/10/07 05:00:39.802, 66813 MiB, 100 %
2026/10/07 05:00:41.814, 66813 MiB, 100 %
2026/10/07 05:00:43.816, 66813 MiB, 98 %
2026/10/07 05:00:45.819, 66813 MiB, 100 %
2026/10/07 05:00:47.821, 66813 MiB, 100 %
2026/10/07 05:00:49.824, 66813 MiB, 100 %
2026/10/07 05:00:51.827, 66813 MiB, 100 %
2026/10/07 05:00:53.830, 66813 MiB, 92 %
2026/10/07 05:00:55.833, 66813 MiB, 100 %
2026/10/07 05:00:57.836, 66813 MiB, 100 %
2026/10/07 05:00:59.838, 66813 MiB, 100 %
2026/10/07 05:01:01.841, 66813 MiB, 100 %
2026/10/07 05:01:03.844, 66813 MiB, 100 %
2026/10/07 05:01:05.847, 66813 MiB, 100 %
2026/10/07 05:01:07.850, 66813 MiB, 100 %
2026/10/07 05:01:09.853, 66813 MiB, 100 %
2026/10/07 05:01:11.855, 66813 MiB, 100 %
2026/10/07 05:01:13.857, 66813 MiB, 19 %
2026/10/07 05:01:15.860, 66813 MiB, 100 %
2026/10/07 05:01:17.862, 66813 MiB, 100 %
2026/10/07 05:01:19.864, 66813 MiB, 89 %
2026/10/07 05:01:21.866, 66813 MiB, 100 %
2026/10/07 05:01:23.869, 66813 MiB, 100 %
2026/10/07 05:01:25.870, 66813 MiB, 87 %
2026/10/07 05:01:27.871, 66813 MiB, 0 %
2026/10/07 05:01:29.874, 66813 MiB, 100 %
2026/10/07 05:01:31.876, 66813 MiB, 100 %
2026/10/07 05:01:33.878, 66813 MiB, 100 %
2026/10/07 05:01:35.881, 66813 MiB, 100 %
2026/10/07 05:01:37.883, 66813 MiB, 100 %
2026/10/07 05:01:39.886, 66813 MiB, 100 %
2026/10/07 05:01:41.891, 66813 MiB, 100 %
2026/10/07 05:01:43.893, 66813 MiB, 100 %
2026/10/07 05:01:45.895, 66813 MiB, 100 %
2026/10/07 05:01:47.898, 66813 MiB, 100 %
2026/10/07 05:01:49.899, 66813 MiB, 100 %
2026/10/07 05:01:51.902, 66813 MiB, 100 %
2026/10/07 05:01:53.905, 66813 MiB, 100 %
2026/10/07 05:01:55.908, 66813 MiB, 100 %
2026/10/07 05:01:57.912, 66813 MiB, 100 %
2026/10/07 05:02:00.000, 66813 MiB, 100 %
2026/10/07 05:02:02.003, 66813 MiB, 100 %
2026/10/07 05:02:04.006, 66813 MiB, 100 %
2026/10/07 05:02:06.006, 66813 MiB, 100 %
2026/10/07 05:02:08.009, 66813 MiB, 100 %
2026/10/07 05:02:10.011, 66813 MiB, 100 %
2026/10/07 05:02:12.013, 66813 MiB, 100 %
2026/10/07 05:02:14.016, 66813 MiB, 100 %
2026/10/07 05:02:16.018, 66813 MiB, 100 %
2026/10/07 05:02:18.019, 66813 MiB, 100 %
2026/10/07 05:02:20.022, 66813 MiB, 100 %
2026/10/07 05:02:22.025, 66813 MiB, 100 %
2026/10/07 05:02:24.028, 66813 MiB, 100 %
2026/10/07 05:02:26.032, 66813 MiB, 100 %
2026/10/07 05:02:28.035, 66813 MiB, 100 %
2026/10/07 05:02:30.039, 66813 MiB, 100 %
2026/10/07 05:02:32.041, 66813 MiB, 100 %
2026/10/07 05:02:34.044, 66813 MiB, 100 %
2026/10/07 05:02:36.048, 66813 MiB, 100 %
2026/10/07 05:02:38.051, 66813 MiB, 100 %
2026/10/07 05:02:40.052, 66813 MiB, 100 %
2026/10/07 05:02:42.060, 66813 MiB, 100 %
2026/10/07 05:02:44.062, 66813 MiB, 100 %
2026/10/07 05:02:46.064, 66813 MiB, 100 %
2026/10/07 05:02:48.068, 66813 MiB, 100 %
2026/10/07 05:02:50.070, 66813 MiB, 100 %
2026/10/07 05:02:52.072, 66813 MiB, 100 %
2026/10/07 05:02:54.074, 66813 MiB, 100 %
2026/10/07 05:02:56.076, 66813 MiB, 100 %
2026/10/07 05:02:58.080, 66813 MiB, 100 %
2026/10/07 05:03:00.082, 66813 MiB, 100 %
2026/10/07 05:03:02.083, 66813 MiB, 100 %
2026/10/07 05:03:04.085, 66813 MiB, 100 %
2026/10/07 05:03:06.087, 66813 MiB, 100 %
2026/10/07 05:03:08.090, 66813 MiB, 100 %
2026/10/07 05:03:10.093, 66813 MiB, 100 %
2026/10/07 05:03:12.098, 66813 MiB, 100 %
2026/10/07 05:03:14.100, 66813 MiB, 100 %
2026/10/07 05:03:16.102, 66813 MiB, 100 %
2026/10/07 05:03:18.105, 66813 MiB, 100 %
2026/10/07 05:03:20.108, 66813 MiB, 100 %
2026/10/07 05:03:22.111, 66813 MiB, 100 %
2026/10/07 05:03:24.113, 66813 MiB, 100 %
2026/10/07 05:03:26.116, 66813 MiB, 100 %
2026/10/07 05:03:28.119, 66813 MiB, 100 %
2026/10/07 05:03:30.122, 66813 MiB, 100 %
2026/10/07 05:03:32.125, 66813 MiB, 100 %
2026/10/07 05:03:34.129, 66813 MiB, 100 %
2026/10/07 05:03:36.132, 66813 MiB, 100 %
2026/10/07 05:03:38.135, 66813 MiB, 100 %
2026/10/07 05:03:40.138, 66813 MiB, 100 %
2026/10/07 05:03:42.145, 66813 MiB, 100 %
2026/10/07 05:03:44.147, 66813 MiB, 100 %
2026/10/07 05:03:46.150, 66813 MiB, 100 %
2026/10/07 05:03:48.151, 66813 MiB, 100 %
2026/10/07 05:03:50.152, 66813 MiB, 100 %
2026/10/07 05:03:52.153, 66813 MiB, 100 %
2026/10/07 05:03:54.154, 66813 MiB, 100 %
2026/10/07 05:03:56.155, 66813 MiB, 100 %
2026/10/07 05:03:58.156, 66813 MiB, 100 %
2026/10/07 05:04:00.158, 66813 MiB, 100 %
2026/10/07 05:04:02.159, 66813 MiB, 100 %
2026/10/07 05:04:04.160, 66813 MiB, 100 %
2026/10/07 05:04:06.161, 66813 MiB, 100 %
2026/10/07 05:04:08.162, 66813 MiB, 100 %
2026/10/07 05:04:10.163, 66813 MiB, 100 %
2026/10/07 05:04:12.165, 66813 MiB, 100 %
2026/10/07 05:04:14.167, 66813 MiB, 100 %
2026/10/07 05:04:16.169, 66813 MiB, 100 %
2026/10/07 05:04:18.171, 66813 MiB, 100 %
2026/10/07 05:04:20.172, 66813 MiB, 100 %
2026/10/07 05:04:22.173, 66813 MiB, 100 %
2026/10/07 05:04:24.174, 66813 MiB, 100 %
2026/10/07 05:04:26.176, 66813 MiB, 80 %
2026/10/07 05:04:28.177, 66815 MiB, 100 %
2026/10/07 05:04:30.180, 66815 MiB, 100 %
2026/10/07 05:04:32.181, 66815 MiB, 100 %
2026/10/07 05:04:34.182, 66815 MiB, 100 %
2026/10/07 05:04:36.185, 66815 MiB, 100 %
2026/10/07 05:04:38.188, 66815 MiB, 97 %
2026/10/07 05:04:40.191, 66815 MiB, 100 %
2026/10/07 05:04:42.201, 66815 MiB, 100 %
2026/10/07 05:04:44.204, 66815 MiB, 100 %
2026/10/07 05:04:46.207, 66815 MiB, 97 %
2026/10/07 05:04:48.210, 66815 MiB, 100 %
2026/10/07 05:04:50.213, 66815 MiB, 100 %
2026/10/07 05:04:52.216, 66815 MiB, 100 %
2026/10/07 05:04:54.219, 66815 MiB, 100 %
2026/10/07 05:04:56.221, 66815 MiB, 100 %
2026/10/07 05:04:58.224, 66815 MiB, 100 %
2026/10/07 05:05:00.227, 66815 MiB, 100 %
2026/10/07 05:05:02.229, 66815 MiB, 100 %
2026/10/07 05:05:04.231, 66815 MiB, 100 %
2026/10/07 05:05:06.234, 66815 MiB, 100 %
2026/10/07 05:05:08.236, 66815 MiB, 100 %
2026/10/07 05:05:10.239, 66815 MiB, 100 %
2026/10/07 05:05:12.241, 66815 MiB, 100 %
2026/10/07 05:05:14.243, 66815 MiB, 100 %
2026/10/07 05:05:16.244, 66815 MiB, 96 %
2026/10/07 05:05:18.247, 66815 MiB, 100 %
2026/10/07 05:05:20.249, 66815 MiB, 100 %
2026/10/07 05:05:22.251, 66815 MiB, 100 %
2026/10/07 05:05:24.254, 66815 MiB, 100 %
2026/10/07 05:05:26.256, 66815 MiB, 100 %
2026/10/07 05:05:28.258, 66815 MiB, 100 %
2026/10/07 05:05:30.260, 66815 MiB, 100 %
2026/10/07 05:05:32.262, 66815 MiB, 99 %
2026/10/07 05:05:34.264, 66815 MiB, 100 %
2026/10/07 05:05:36.267, 66815 MiB, 100 %
2026/10/07 05:05:38.270, 66815 MiB, 100 %
2026/10/07 05:05:40.273, 66815 MiB, 100 %
2026/10/07 05:05:42.278, 66815 MiB, 100 %
2026/10/07 05:05:44.280, 66815 MiB, 100 %
2026/10/07 05:05:46.283, 66815 MiB, 95 %
2026/10/07 05:05:48.286, 66815 MiB, 100 %
2026/10/07 05:05:50.287, 66815 MiB, 100 %
2026/10/07 05:05:52.288, 66815 MiB, 100 %
2026/10/07 05:05:54.291, 66815 MiB, 97 %
2026/10/07 05:05:56.293, 66815 MiB, 97 %
2026/10/07 05:05:58.294, 66815 MiB, 100 %
2026/10/07 05:06:00.296, 66815 MiB, 100 %
2026/10/07 05:06:02.297, 66815 MiB, 100 %
2026/10/07 05:06:04.300, 66815 MiB, 100 %
2026/10/07 05:06:06.303, 66815 MiB, 100 %
2026/10/07 05:06:08.305, 66815 MiB, 100 %
2026/10/07 05:06:10.307, 66815 MiB, 100 %
2026/10/07 05:06:12.313, 66815 MiB, 100 %
2026/10/07 05:06:14.315, 66815 MiB, 100 %
2026/10/07 05:06:16.317, 66815 MiB, 100 %
2026/10/07 05:06:18.320, 66815 MiB, 100 %
2026/10/07 05:06:20.323, 66815 MiB, 100 %
2026/10/07 05:06:22.326, 66815 MiB, 100 %
2026/10/07 05:06:24.329, 66815 MiB, 100 %
2026/10/07 05:06:26.331, 66815 MiB, 100 %
2026/10/07 05:06:28.334, 66815 MiB, 100 %
2026/10/07 05:06:30.337, 66815 MiB, 100 %
2026/10/07 05:06:32.339, 66815 MiB, 100 %
2026/10/07 05:06:34.341, 66815 MiB, 100 %
2026/10/07 05:06:36.344, 66815 MiB, 100 %
2026/10/07 05:06:38.346, 66815 MiB, 100 %
2026/10/07 05:06:40.349, 66815 MiB, 100 %
2026/10/07 05:06:42.354, 66815 MiB, 92 %
2026/10/07 05:06:44.356, 66815 MiB, 100 %
2026/10/07 05:06:46.358, 66815 MiB, 100 %
2026/10/07 05:06:48.361, 66815 MiB, 100 %
2026/10/07 05:06:50.363, 66815 MiB, 0 %
2026/10/07 05:06:52.366, 66815 MiB, 98 %
2026/10/07 05:06:54.368, 66815 MiB, 0 %
2026/10/07 05:06:56.370, 66815 MiB, 0 %
2026/10/07 05:06:58.372, 66815 MiB, 86 %
2026/10/07 05:07:00.375, 66815 MiB, 100 %
2026/10/07 05:07:02.378, 66815 MiB, 100 %
2026/10/07 05:07:04.381, 66815 MiB, 100 %
2026/10/07 05:07:06.383, 66815 MiB, 100 %
2026/10/07 05:07:08.386, 66815 MiB, 100 %
2026/10/07 05:07:10.389, 66815 MiB, 64 %
2026/10/07 05:07:12.394, 66815 MiB, 100 %
2026/10/07 05:07:14.396, 66815 MiB, 8 %
2026/10/07 05:07:16.399, 66815 MiB, 100 %
2026/10/07 05:07:18.401, 66815 MiB, 100 %
2026/10/07 05:07:20.403, 66815 MiB, 100 %
2026/10/07 05:07:22.405, 66815 MiB, 100 %
2026/10/07 05:07:24.408, 66815 MiB, 100 %
2026/10/07 05:07:26.411, 66815 MiB, 100 %
2026/10/07 05:07:28.413, 66815 MiB, 100 %
2026/10/07 05:07:30.416, 66815 MiB, 92 %
2026/10/07 05:07:32.417, 66815 MiB, 100 %
2026/10/07 05:07:34.419, 66815 MiB, 100 %
2026/10/07 05:07:36.420, 66815 MiB, 100 %
2026/10/07 05:07:38.423, 66815 MiB, 100 %
2026/10/07 05:07:40.425, 66815 MiB, 100 %
2026/10/07 05:07:42.428, 66815 MiB, 100 %
2026/10/07 05:07:44.430, 66815 MiB, 100 %
2026/10/07 05:07:46.431, 66815 MiB, 100 %
2026/10/07 05:07:48.432, 66815 MiB, 100 %
2026/10/07 05:07:50.435, 66815 MiB, 99 %
2026/10/07 05:07:52.436, 66815 MiB, 100 %
2026/10/07 05:07:54.439, 66815 MiB, 100 %
2026/10/07 05:07:56.442, 66815 MiB, 100 %
2026/10/07 05:07:58.445, 66815 MiB, 100 %
2026/10/07 05:08:00.448, 66815 MiB, 100 %
2026/10/07 05:08:02.452, 66815 MiB, 100 %
2026/10/07 05:08:04.455, 66815 MiB, 100 %
2026/10/07 05:08:06.458, 66815 MiB, 100 %
2026/10/07 05:08:08.460, 66815 MiB, 27 %
2026/10/07 05:08:10.462, 66815 MiB, 60 %
2026/10/07 05:08:12.467, 66815 MiB, 100 %
2026/10/07 05:08:14.468, 66815 MiB, 100 %
2026/10/07 05:08:16.469, 66815 MiB, 100 %
2026/10/07 05:08:18.472, 66815 MiB, 79 %
2026/10/07 05:08:20.474, 66815 MiB, 0 %
2026/10/07 05:08:22.476, 66815 MiB, 100 %
2026/10/07 05:08:24.479, 66815 MiB, 100 %
2026/10/07 05:08:26.481, 66815 MiB, 100 %
2026/10/07 05:08:28.484, 66815 MiB, 100 %
2026/10/07 05:08:30.487, 66815 MiB, 100 %
2026/10/07 05:08:32.489, 66815 MiB, 100 %
2026/10/07 05:08:34.492, 66815 MiB, 100 %
2026/10/07 05:08:36.496, 66815 MiB, 100 %
2026/10/07 05:08:38.498, 66815 MiB, 100 %
2026/10/07 05:08:40.501, 66815 MiB, 100 %
2026/10/07 05:08:42.511, 66815 MiB, 100 %
2026/10/07 05:08:44.514, 66815 MiB, 100 %
2026/10/07 05:08:46.517, 66815 MiB, 100 %
2026/10/07 05:08:48.519, 66815 MiB, 100 %
2026/10/07 05:08:50.522, 66815 MiB, 100 %
2026/10/07 05:08:52.525, 66815 MiB, 100 %
2026/10/07 05:08:54.528, 66815 MiB, 100 %
2026/10/07 05:08:56.531, 66815 MiB, 100 %
2026/10/07 05:08:58.534, 66815 MiB, 100 %
2026/10/07 05:09:00.537, 66815 MiB, 100 %
2026/10/07 05:09:02.539, 66815 MiB, 100 %
2026/10/07 05:09:04.542, 66815 MiB, 100 %
2026/10/07 05:09:06.544, 66815 MiB, 100 %
2026/10/07 05:09:08.546, 66815 MiB, 100 %
2026/10/07 05:09:10.548, 66815 MiB, 100 %
2026/10/07 05:09:12.551, 66815 MiB, 100 %
2026/10/07 05:09:14.554, 66815 MiB, 100 %
2026/10/07 05:09:16.557, 66815 MiB, 100 %
2026/10/07 05:09:18.560, 66815 MiB, 100 %
2026/10/07 05:09:20.563, 66815 MiB, 100 %
2026/10/07 05:09:22.566, 66815 MiB, 100 %
2026/10/07 05:09:24.568, 66815 MiB, 100 %
2026/10/07 05:09:26.570, 66815 MiB, 100 %
2026/10/07 05:09:28.573, 66815 MiB, 100 %
2026/10/07 05:09:30.575, 66815 MiB, 100 %
2026/10/07 05:09:32.579, 66815 MiB, 100 %
2026/10/07 05:09:34.581, 66815 MiB, 100 %
2026/10/07 05:09:36.583, 66815 MiB, 100 %
2026/10/07 05:09:38.585, 66815 MiB, 100 %
2026/10/07 05:09:40.586, 66815 MiB, 100 %
2026/10/07 05:09:42.592, 66815 MiB, 100 %
2026/10/07 05:09:44.595, 66815 MiB, 100 %
2026/10/07 05:09:46.597, 66815 MiB, 100 %
2026/10/07 05:09:48.600, 66815 MiB, 100 %
2026/10/07 05:09:50.602, 66815 MiB, 100 %
2026/10/07 05:09:52.606, 66815 MiB, 100 %
2026/10/07 05:09:54.609, 66815 MiB, 100 %
2026/10/07 05:09:56.612, 66815 MiB, 100 %
2026/10/07 05:09:58.615, 66815 MiB, 100 %
2026/10/07 05:10:00.618, 66815 MiB, 100 %
2026/10/07 05:10:02.619, 66815 MiB, 100 %
2026/10/07 05:10:04.622, 66815 MiB, 100 %
2026/10/07 05:10:06.625, 66815 MiB, 100 %
2026/10/07 05:10:08.628, 66815 MiB, 100 %
2026/10/07 05:10:10.630, 66815 MiB, 100 %
2026/10/07 05:10:12.637, 66815 MiB, 100 %
2026/10/07 05:10:14.641, 66815 MiB, 100 %
2026/10/07 05:10:16.643, 66815 MiB, 100 %
2026/10/07 05:10:18.645, 66815 MiB, 100 %
2026/10/07 05:10:20.647, 66815 MiB, 100 %
2026/10/07 05:10:22.650, 66815 MiB, 100 %
2026/10/07 05:10:24.652, 66815 MiB, 100 %
2026/10/07 05:10:26.655, 66815 MiB, 100 %
2026/10/07 05:10:28.658, 66815 MiB, 100 %
2026/10/07 05:10:30.660, 66815 MiB, 100 %
2026/10/07 05:10:32.662, 66815 MiB, 100 %
2026/10/07 05:10:34.664, 66815 MiB, 100 %
2026/10/07 05:10:36.666, 66815 MiB, 100 %
2026/10/07 05:10:38.668, 66815 MiB, 100 %
2026/10/07 05:10:40.671, 66815 MiB, 100 %
2026/10/07 05:10:42.674, 66815 MiB, 100 %
2026/10/07 05:10:44.677, 66815 MiB, 100 %
2026/10/07 05:10:46.679, 66815 MiB, 100 %
2026/10/07 05:10:48.683, 66815 MiB, 100 %
2026/10/07 05:10:50.686, 66815 MiB, 100 %
2026/10/07 05:10:52.689, 66815 MiB, 100 %
2026/10/07 05:10:54.692, 66815 MiB, 100 %
2026/10/07 05:10:56.694, 66815 MiB, 100 %
2026/10/07 05:10:58.697, 66815 MiB, 100 %
2026/10/07 05:11:00.699, 66815 MiB, 100 %
2026/10/07 05:11:02.701, 66815 MiB, 100 %
2026/10/07 05:11:04.704, 66815 MiB, 100 %
2026/10/07 05:11:06.784, 66815 MiB, 100 %
2026/10/07 05:11:08.785, 66815 MiB, 100 %
2026/10/07 05:11:10.788, 66815 MiB, 100 %
2026/10/07 05:11:12.790, 66815 MiB, 100 %
2026/10/07 05:11:14.791, 66815 MiB, 100 %
2026/10/07 05:11:16.792, 66815 MiB, 100 %
2026/10/07 05:11:18.795, 66815 MiB, 100 %
2026/10/07 05:11:20.797, 66815 MiB, 100 %
2026/10/07 05:11:22.799, 66815 MiB, 100 %
2026/10/07 05:11:24.802, 66815 MiB, 100 %
2026/10/07 05:11:26.804, 66815 MiB, 100 %
2026/10/07 05:11:28.807, 66815 MiB, 100 %
2026/10/07 05:11:30.808, 66815 MiB, 90 %
2026/10/07 05:11:32.811, 66815 MiB, 100 %
2026/10/07 05:11:34.813, 66815 MiB, 89 %
2026/10/07 05:11:36.815, 66815 MiB, 100 %
2026/10/07 05:11:38.817, 66815 MiB, 99 %
2026/10/07 05:11:40.821, 66815 MiB, 100 %
2026/10/07 05:11:42.829, 66815 MiB, 100 %
2026/10/07 05:11:44.832, 66815 MiB, 100 %
2026/10/07 05:11:46.834, 66815 MiB, 100 %
2026/10/07 05:11:48.837, 66815 MiB, 99 %
2026/10/07 05:11:50.840, 66815 MiB, 100 %
2026/10/07 05:11:52.843, 66815 MiB, 100 %
2026/10/07 05:11:54.845, 66815 MiB, 100 %
2026/10/07 05:11:56.848, 66815 MiB, 100 %
2026/10/07 05:11:58.851, 66815 MiB, 100 %
2026/10/07 05:12:00.852, 66815 MiB, 100 %
2026/10/07 05:12:02.854, 66815 MiB, 100 %
2026/10/07 05:12:04.856, 66815 MiB, 100 %
2026/10/07 05:12:06.859, 66815 MiB, 100 %
2026/10/07 05:12:08.862, 66815 MiB, 100 %
2026/10/07 05:12:10.864, 66815 MiB, 100 %
2026/10/07 05:12:12.868, 66815 MiB, 100 %
2026/10/07 05:12:14.871, 66815 MiB, 100 %
2026/10/07 05:12:16.873, 66815 MiB, 91 %
2026/10/07 05:12:18.876, 66815 MiB, 100 %
2026/10/07 05:12:20.879, 66815 MiB, 100 %
2026/10/07 05:12:22.881, 66815 MiB, 100 %
2026/10/07 05:12:24.884, 66815 MiB, 100 %
2026/10/07 05:12:26.887, 66815 MiB, 100 %
2026/10/07 05:12:28.890, 66815 MiB, 100 %
2026/10/07 05:12:30.892, 66815 MiB, 100 %
2026/10/07 05:12:32.895, 66815 MiB, 100 %
2026/10/07 05:12:34.897, 66815 MiB, 100 %
2026/10/07 05:12:36.899, 66815 MiB, 100 %
2026/10/07 05:12:38.946, 66815 MiB, 100 %
2026/10/07 05:12:40.949, 66815 MiB, 97 %
2026/10/07 05:12:42.954, 66815 MiB, 100 %
2026/10/07 05:12:44.957, 66815 MiB, 100 %
2026/10/07 05:12:46.960, 66815 MiB, 100 %
2026/10/07 05:12:48.963, 66815 MiB, 100 %
2026/10/07 05:12:50.965, 66815 MiB, 100 %
2026/10/07 05:12:52.967, 66815 MiB, 100 %
2026/10/07 05:12:54.970, 66815 MiB, 100 %
2026/10/07 05:12:56.972, 66815 MiB, 100 %
2026/10/07 05:12:58.975, 66815 MiB, 100 %
2026/10/07 05:13:00.978, 66815 MiB, 100 %
2026/10/07 05:13:02.979, 66815 MiB, 100 %
2026/10/07 05:13:04.982, 66815 MiB, 100 %
2026/10/07 05:13:06.985, 66815 MiB, 97 %
2026/10/07 05:13:08.988, 66815 MiB, 100 %
2026/10/07 05:13:10.990, 66815 MiB, 100 %
2026/10/07 05:13:12.996, 66815 MiB, 100 %
2026/10/07 05:13:14.998, 66815 MiB, 100 %
2026/10/07 05:13:16.999, 66815 MiB, 91 %
2026/10/07 05:13:19.002, 66815 MiB, 91 %
2026/10/07 05:13:21.005, 66815 MiB, 100 %
2026/10/07 05:13:23.008, 66815 MiB, 97 %
2026/10/07 05:13:25.011, 66815 MiB, 100 %
2026/10/07 05:13:27.014, 66815 MiB, 100 %
2026/10/07 05:13:29.015, 66815 MiB, 100 %
2026/10/07 05:13:31.017, 66815 MiB, 100 %
2026/10/07 05:13:33.020, 66815 MiB, 100 %
2026/10/07 05:13:35.023, 66815 MiB, 92 %
2026/10/07 05:13:37.026, 66815 MiB, 100 %
2026/10/07 05:13:39.029, 66815 MiB, 100 %
2026/10/07 05:13:41.032, 66815 MiB, 100 %
2026/10/07 05:13:43.037, 66815 MiB, 100 %
2026/10/07 05:13:45.040, 66815 MiB, 100 %
2026/10/07 05:13:47.043, 66815 MiB, 100 %
2026/10/07 05:13:49.045, 66815 MiB, 100 %
2026/10/07 05:13:51.047, 66815 MiB, 100 %
2026/10/07 05:13:53.050, 66815 MiB, 100 %
2026/10/07 05:13:55.051, 66815 MiB, 69 %
2026/10/07 05:13:57.054, 66815 MiB, 100 %
2026/10/07 05:13:59.057, 66815 MiB, 100 %
2026/10/07 05:14:01.060, 66815 MiB, 0 %
2026/10/07 05:14:03.062, 66815 MiB, 100 %
2026/10/07 05:14:05.065, 66815 MiB, 100 %
2026/10/07 05:14:07.068, 66815 MiB, 100 %
2026/10/07 05:14:09.071, 66815 MiB, 100 %
2026/10/07 05:14:11.074, 66815 MiB, 100 %
2026/10/07 05:14:13.078, 66815 MiB, 100 %
2026/10/07 05:14:15.081, 66815 MiB, 100 %
2026/10/07 05:14:17.082, 66815 MiB, 100 %
2026/10/07 05:14:19.084, 66815 MiB, 100 %
2026/10/07 05:14:21.087, 66817 MiB, 100 %
2026/10/07 05:14:23.090, 66817 MiB, 100 %
2026/10/07 05:14:25.092, 66817 MiB, 100 %
2026/10/07 05:14:27.095, 66817 MiB, 100 %
2026/10/07 05:14:29.097, 66817 MiB, 100 %
2026/10/07 05:14:31.099, 66817 MiB, 100 %
2026/10/07 05:14:33.100, 66817 MiB, 100 %
2026/10/07 05:14:35.101, 66817 MiB, 100 %
2026/10/07 05:14:37.103, 66817 MiB, 100 %
2026/10/07 05:14:39.105, 66817 MiB, 47 %
2026/10/07 05:14:41.106, 66817 MiB, 100 %
2026/10/07 05:14:43.111, 66817 MiB, 100 %
2026/10/07 05:14:45.113, 66817 MiB, 100 %
2026/10/07 05:14:47.116, 66817 MiB, 100 %
2026/10/07 05:14:49.118, 66817 MiB, 95 %
2026/10/07 05:14:51.120, 66817 MiB, 100 %
2026/10/07 05:14:53.123, 66817 MiB, 92 %
2026/10/07 05:14:55.125, 66817 MiB, 100 %
2026/10/07 05:14:57.127, 66817 MiB, 100 %
2026/10/07 05:14:59.130, 66817 MiB, 87 %
2026/10/07 05:15:01.133, 66817 MiB, 100 %
2026/10/07 05:15:03.136, 66817 MiB, 100 %
2026/10/07 05:15:05.139, 66817 MiB, 100 %
2026/10/07 05:15:07.142, 67345 MiB, 100 %
2026/10/07 05:15:09.145, 66817 MiB, 100 %
2026/10/07 05:15:11.148, 66817 MiB, 100 %
2026/10/07 05:15:13.152, 66817 MiB, 100 %
2026/10/07 05:15:15.153, 66817 MiB, 63 %
2026/10/07 05:15:17.154, 66817 MiB, 100 %
2026/10/07 05:15:19.156, 66817 MiB, 99 %
2026/10/07 05:15:21.159, 66817 MiB, 86 %
2026/10/07 05:15:23.160, 66817 MiB, 0 %
2026/10/07 05:15:25.163, 66817 MiB, 0 %
2026/10/07 05:15:27.165, 66817 MiB, 100 %
2026/10/07 05:15:29.168, 66817 MiB, 100 %
2026/10/07 05:15:31.171, 66817 MiB, 100 %
2026/10/07 05:15:33.174, 66817 MiB, 100 %
2026/10/07 05:15:35.176, 66817 MiB, 100 %
2026/10/07 05:15:37.179, 66817 MiB, 100 %
2026/10/07 05:15:39.182, 66817 MiB, 100 %
2026/10/07 05:15:41.185, 66817 MiB, 100 %
2026/10/07 05:15:43.189, 66817 MiB, 100 %
2026/10/07 05:15:45.192, 66817 MiB, 100 %
2026/10/07 05:15:47.195, 66817 MiB, 100 %
2026/10/07 05:15:49.196, 66817 MiB, 100 %
2026/10/07 05:15:51.198, 66817 MiB, 100 %
2026/10/07 05:15:53.201, 66817 MiB, 100 %
2026/10/07 05:15:55.204, 66817 MiB, 100 %
2026/10/07 05:15:57.207, 66817 MiB, 100 %
2026/10/07 05:15:59.209, 66817 MiB, 100 %
2026/10/07 05:16:01.211, 66817 MiB, 100 %
2026/10/07 05:16:03.213, 66817 MiB, 100 %
2026/10/07 05:16:05.216, 66817 MiB, 100 %
2026/10/07 05:16:07.219, 66817 MiB, 100 %
2026/10/07 05:16:09.222, 66817 MiB, 100 %
2026/10/07 05:16:11.225, 66817 MiB, 100 %
2026/10/07 05:16:13.229, 66817 MiB, 100 %
2026/10/07 05:16:15.232, 66817 MiB, 100 %
2026/10/07 05:16:17.233, 66817 MiB, 100 %
2026/10/07 05:16:19.235, 66817 MiB, 100 %
2026/10/07 05:16:21.238, 66817 MiB, 100 %
2026/10/07 05:16:23.240, 66817 MiB, 100 %
2026/10/07 05:16:25.243, 66817 MiB, 100 %
2026/10/07 05:16:27.245, 66817 MiB, 100 %
2026/10/07 05:16:29.247, 66817 MiB, 100 %
2026/10/07 05:16:31.250, 66817 MiB, 100 %
2026/10/07 05:16:33.253, 66817 MiB, 100 %
2026/10/07 05:16:35.256, 66817 MiB, 100 %
2026/10/07 05:16:37.259, 66817 MiB, 100 %
2026/10/07 05:16:39.261, 66817 MiB, 100 %
2026/10/07 05:16:41.264, 66817 MiB, 100 %
2026/10/07 05:16:43.269, 66817 MiB, 100 %
2026/10/07 05:16:45.271, 66817 MiB, 100 %
2026/10/07 05:16:47.274, 66817 MiB, 100 %
2026/10/07 05:16:49.276, 66817 MiB, 100 %
2026/10/07 05:16:51.278, 66817 MiB, 100 %
2026/10/07 05:16:53.281, 66817 MiB, 100 %
2026/10/07 05:16:55.283, 66817 MiB, 100 %
2026/10/07 05:16:57.285, 66817 MiB, 100 %
2026/10/07 05:16:59.288, 66817 MiB, 100 %
2026/10/07 05:17:01.291, 66817 MiB, 100 %
2026/10/07 05:17:03.294, 66817 MiB, 100 %
2026/10/07 05:17:05.296, 66817 MiB, 100 %
2026/10/07 05:17:07.299, 66817 MiB, 100 %
2026/10/07 05:17:09.300, 66817 MiB, 100 %
2026/10/07 05:17:11.303, 66817 MiB, 100 %
2026/10/07 05:17:13.517, 66817 MiB, 100 %
2026/10/07 05:17:15.520, 66817 MiB, 100 %
2026/10/07 05:17:17.523, 66817 MiB, 100 %
2026/10/07 05:17:19.525, 66817 MiB, 100 %
2026/10/07 05:17:21.528, 66817 MiB, 100 %
2026/10/07 05:17:23.530, 66817 MiB, 100 %
2026/10/07 05:17:25.533, 66817 MiB, 100 %
2026/10/07 05:17:27.536, 66817 MiB, 100 %
2026/10/07 05:17:29.539, 66817 MiB, 100 %
2026/10/07 05:17:31.542, 66817 MiB, 100 %
2026/10/07 05:17:33.544, 66817 MiB, 100 %
2026/10/07 05:17:35.547, 66817 MiB, 100 %
2026/10/07 05:17:37.550, 66817 MiB, 100 %
2026/10/07 05:17:39.553, 66817 MiB, 100 %
2026/10/07 05:17:41.555, 66817 MiB, 100 %
2026/10/07 05:17:43.558, 66817 MiB, 100 %
2026/10/07 05:17:45.560, 66817 MiB, 100 %
2026/10/07 05:17:47.562, 66817 MiB, 100 %
2026/10/07 05:17:49.563, 66817 MiB, 100 %
2026/10/07 05:17:51.565, 66817 MiB, 100 %
2026/10/07 05:17:53.567, 66817 MiB, 100 %
2026/10/07 05:17:55.570, 66817 MiB, 100 %
2026/10/07 05:17:57.572, 66817 MiB, 100 %
2026/10/07 05:17:59.574, 66817 MiB, 100 %
2026/10/07 05:18:01.575, 66817 MiB, 100 %
2026/10/07 05:18:03.576, 66817 MiB, 100 %
2026/10/07 05:18:05.577, 66817 MiB, 100 %
2026/10/07 05:18:07.579, 66817 MiB, 100 %
2026/10/07 05:18:09.581, 66817 MiB, 100 %
2026/10/07 05:18:11.583, 66817 MiB, 100 %
2026/10/07 05:18:13.587, 66817 MiB, 100 %
2026/10/07 05:18:15.588, 66817 MiB, 100 %
2026/10/07 05:18:17.589, 66817 MiB, 100 %
2026/10/07 05:18:19.592, 66817 MiB, 100 %
2026/10/07 05:18:21.595, 66817 MiB, 100 %
2026/10/07 05:18:23.597, 66817 MiB, 100 %
2026/10/07 05:18:25.599, 66817 MiB, 100 %
2026/10/07 05:18:27.601, 66817 MiB, 100 %
2026/10/07 05:18:29.604, 66817 MiB, 100 %
2026/10/07 05:18:31.607, 66817 MiB, 100 %
2026/10/07 05:18:33.610, 66817 MiB, 100 %
2026/10/07 05:18:35.611, 66817 MiB, 100 %
2026/10/07 05:18:37.614, 66817 MiB, 100 %
2026/10/07 05:18:39.616, 66817 MiB, 100 %
2026/10/07 05:18:41.619, 66817 MiB, 100 %
2026/10/07 05:18:43.622, 66817 MiB, 100 %
2026/10/07 05:18:45.626, 66817 MiB, 100 %
2026/10/07 05:18:47.628, 66817 MiB, 100 %
2026/10/07 05:18:49.630, 66817 MiB, 100 %
2026/10/07 05:18:51.633, 66817 MiB, 100 %
2026/10/07 05:18:53.635, 66817 MiB, 100 %
2026/10/07 05:18:55.638, 66817 MiB, 100 %
2026/10/07 05:18:57.641, 66817 MiB, 100 %
2026/10/07 05:18:59.642, 66817 MiB, 100 %
2026/10/07 05:19:01.645, 66817 MiB, 100 %
2026/10/07 05:19:03.648, 66817 MiB, 95 %
2026/10/07 05:19:05.649, 66817 MiB, 100 %
2026/10/07 05:19:07.651, 66817 MiB, 100 %
2026/10/07 05:19:09.654, 66817 MiB, 100 %
2026/10/07 05:19:11.657, 66817 MiB, 100 %
2026/10/07 05:19:13.660, 66817 MiB, 100 %
2026/10/07 05:19:15.662, 66817 MiB, 100 %
2026/10/07 05:19:17.665, 66817 MiB, 100 %
2026/10/07 05:19:19.667, 66817 MiB, 100 %
2026/10/07 05:19:21.669, 66817 MiB, 100 %
2026/10/07 05:19:23.670, 66817 MiB, 100 %
2026/10/07 05:19:25.673, 66817 MiB, 100 %
2026/10/07 05:19:27.674, 66817 MiB, 100 %
2026/10/07 05:19:29.676, 66817 MiB, 100 %
2026/10/07 05:19:31.679, 66817 MiB, 96 %
2026/10/07 05:19:33.681, 66817 MiB, 100 %
2026/10/07 05:19:35.685, 66817 MiB, 100 %
2026/10/07 05:19:37.688, 66817 MiB, 100 %
2026/10/07 05:19:39.690, 66817 MiB, 100 %
2026/10/07 05:19:41.693, 66817 MiB, 100 %
2026/10/07 05:19:43.700, 66817 MiB, 100 %
2026/10/07 05:19:45.703, 66817 MiB, 100 %
2026/10/07 05:19:47.706, 66817 MiB, 96 %
2026/10/07 05:19:49.709, 66817 MiB, 96 %
2026/10/07 05:19:51.711, 66817 MiB, 95 %
2026/10/07 05:19:53.714, 66817 MiB, 85 %
2026/10/07 05:19:55.717, 66817 MiB, 100 %
2026/10/07 05:19:57.719, 66817 MiB, 100 %
2026/10/07 05:19:59.722, 66817 MiB, 100 %
2026/10/07 05:20:01.725, 66817 MiB, 100 %
2026/10/07 05:20:03.727, 66817 MiB, 100 %
2026/10/07 05:20:05.730, 66817 MiB, 95 %
2026/10/07 05:20:07.733, 66817 MiB, 100 %
2026/10/07 05:20:09.736, 66817 MiB, 96 %
2026/10/07 05:20:11.738, 66817 MiB, 100 %
2026/10/07 05:20:13.742, 66817 MiB, 100 %
2026/10/07 05:20:15.745, 66817 MiB, 100 %
2026/10/07 05:20:17.748, 66817 MiB, 100 %
2026/10/07 05:20:19.751, 66817 MiB, 100 %
2026/10/07 05:20:21.752, 66817 MiB, 100 %
2026/10/07 05:20:23.755, 66817 MiB, 96 %
2026/10/07 05:20:25.758, 66817 MiB, 100 %
2026/10/07 05:20:27.760, 66817 MiB, 100 %
2026/10/07 05:20:29.763, 66817 MiB, 100 %
2026/10/07 05:20:31.766, 66817 MiB, 100 %
2026/10/07 05:20:33.768, 66817 MiB, 100 %
2026/10/07 05:20:35.770, 66817 MiB, 100 %
2026/10/07 05:20:37.772, 66817 MiB, 94 %
2026/10/07 05:20:39.773, 66817 MiB, 100 %
2026/10/07 05:20:41.776, 66817 MiB, 96 %
2026/10/07 05:20:43.779, 66817 MiB, 100 %
2026/10/07 05:20:45.782, 66817 MiB, 96 %
2026/10/07 05:20:47.785, 66817 MiB, 100 %
2026/10/07 05:20:49.787, 66817 MiB, 100 %
2026/10/07 05:20:51.789, 66817 MiB, 100 %
2026/10/07 05:20:53.792, 66817 MiB, 100 %
2026/10/07 05:20:55.795, 66817 MiB, 100 %
2026/10/07 05:20:57.798, 66817 MiB, 100 %
2026/10/07 05:20:59.800, 66817 MiB, 100 %
2026/10/07 05:21:01.803, 66817 MiB, 100 %
2026/10/07 05:21:03.806, 66817 MiB, 100 %
2026/10/07 05:21:05.809, 66817 MiB, 100 %
2026/10/07 05:21:07.810, 66817 MiB, 100 %
2026/10/07 05:21:09.813, 66817 MiB, 100 %
2026/10/07 05:21:11.814, 66817 MiB, 100 %
2026/10/07 05:21:13.817, 66817 MiB, 100 %
2026/10/07 05:21:15.819, 66817 MiB, 100 %
2026/10/07 05:21:17.822, 66817 MiB, 100 %
2026/10/07 05:21:19.824, 66817 MiB, 100 %
2026/10/07 05:21:21.827, 66817 MiB, 100 %
2026/10/07 05:21:23.830, 66817 MiB, 100 %
2026/10/07 05:21:25.832, 66817 MiB, 100 %
2026/10/07 05:21:27.836, 66817 MiB, 89 %
2026/10/07 05:21:29.839, 66817 MiB, 100 %
2026/10/07 05:21:31.842, 66817 MiB, 100 %
2026/10/07 05:21:33.843, 66817 MiB, 100 %
2026/10/07 05:21:35.845, 66817 MiB, 100 %
2026/10/07 05:21:37.848, 66817 MiB, 100 %
2026/10/07 05:21:39.850, 66817 MiB, 100 %
2026/10/07 05:21:41.852, 66817 MiB, 100 %
2026/10/07 05:21:43.856, 66817 MiB, 100 %
2026/10/07 05:21:45.859, 66817 MiB, 98 %
2026/10/07 05:21:47.862, 66817 MiB, 100 %
2026/10/07 05:21:49.865, 66817 MiB, 44 %
2026/10/07 05:21:51.868, 66817 MiB, 100 %
2026/10/07 05:21:53.871, 66817 MiB, 100 %
2026/10/07 05:21:55.874, 66817 MiB, 100 %
2026/10/07 05:21:57.877, 66817 MiB, 100 %
2026/10/07 05:21:59.880, 66817 MiB, 100 %
2026/10/07 05:22:01.881, 66817 MiB, 100 %
2026/10/07 05:22:03.883, 66817 MiB, 100 %
2026/10/07 05:22:05.885, 66817 MiB, 100 %
2026/10/07 05:22:07.888, 66817 MiB, 100 %
2026/10/07 05:22:09.891, 66817 MiB, 100 %
2026/10/07 05:22:11.894, 66817 MiB, 100 %
2026/10/07 05:22:13.896, 66817 MiB, 100 %
2026/10/07 05:22:15.898, 66817 MiB, 100 %
2026/10/07 05:22:17.901, 66817 MiB, 100 %
2026/10/07 05:22:19.902, 66817 MiB, 100 %
2026/10/07 05:22:21.903, 66817 MiB, 100 %
2026/10/07 05:22:23.905, 66817 MiB, 100 %
2026/10/07 05:22:25.908, 66817 MiB, 100 %
2026/10/07 05:22:27.911, 66817 MiB, 100 %
2026/10/07 05:22:29.912, 66817 MiB, 100 %
2026/10/07 05:22:31.914, 66817 MiB, 100 %
2026/10/07 05:22:33.917, 66817 MiB, 46 %
2026/10/07 05:22:35.920, 66817 MiB, 100 %
2026/10/07 05:22:37.923, 66817 MiB, 100 %
2026/10/07 05:22:39.926, 66817 MiB, 92 %
2026/10/07 05:22:41.928, 66817 MiB, 100 %
2026/10/07 05:22:43.931, 66817 MiB, 22 %
2026/10/07 05:22:45.932, 66817 MiB, 100 %
2026/10/07 05:22:47.934, 66817 MiB, 100 %
2026/10/07 05:22:49.936, 66817 MiB, 100 %
2026/10/07 05:22:51.938, 66817 MiB, 100 %
2026/10/07 05:22:53.941, 66817 MiB, 100 %
2026/10/07 05:22:55.945, 66817 MiB, 100 %
2026/10/07 05:22:57.948, 66817 MiB, 93 %
2026/10/07 05:22:59.951, 66817 MiB, 0 %
2026/10/07 05:23:01.953, 66817 MiB, 100 %
2026/10/07 05:23:03.956, 66817 MiB, 5 %
2026/10/07 05:23:05.958, 66817 MiB, 100 %
2026/10/07 05:23:07.959, 66817 MiB, 100 %
2026/10/07 05:23:09.962, 66817 MiB, 100 %
2026/10/07 05:23:11.965, 66817 MiB, 100 %
2026/10/07 05:23:13.969, 66817 MiB, 100 %
2026/10/07 05:23:15.970, 66817 MiB, 100 %
2026/10/07 05:23:17.973, 66817 MiB, 100 %
2026/10/07 05:23:19.976, 66817 MiB, 100 %
2026/10/07 05:23:21.978, 66817 MiB, 100 %
2026/10/07 05:23:23.979, 66817 MiB, 100 %
2026/10/07 05:23:25.981, 66817 MiB, 100 %
2026/10/07 05:23:27.984, 66817 MiB, 0 %
2026/10/07 05:23:29.987, 66817 MiB, 100 %
2026/10/07 05:23:31.988, 66817 MiB, 100 %
2026/10/07 05:23:33.991, 66817 MiB, 100 %
2026/10/07 05:23:35.994, 66817 MiB, 100 %
2026/10/07 05:23:37.997, 66817 MiB, 100 %
2026/10/07 05:23:40.000, 66817 MiB, 100 %
2026/10/07 05:23:42.003, 66817 MiB, 100 %
2026/10/07 05:23:44.012, 66817 MiB, 100 %
2026/10/07 05:23:46.015, 66817 MiB, 100 %
2026/10/07 05:23:48.018, 66817 MiB, 100 %
2026/10/07 05:23:50.020, 66817 MiB, 100 %
2026/10/07 05:23:52.022, 66817 MiB, 100 %
2026/10/07 05:23:54.025, 66817 MiB, 100 %
2026/10/07 05:23:56.028, 66817 MiB, 100 %
2026/10/07 05:23:58.031, 66817 MiB, 100 %
2026/10/07 05:24:00.033, 66817 MiB, 100 %
2026/10/07 05:24:02.036, 66817 MiB, 100 %
2026/10/07 05:24:04.038, 66817 MiB, 100 %
2026/10/07 05:24:06.041, 66817 MiB, 100 %
2026/10/07 05:24:08.043, 66817 MiB, 100 %
2026/10/07 05:24:10.045, 66817 MiB, 100 %
2026/10/07 05:24:12.049, 66817 MiB, 100 %
2026/10/07 05:24:14.051, 66817 MiB, 100 %
2026/10/07 05:24:16.054, 66817 MiB, 100 %
2026/10/07 05:24:18.055, 66817 MiB, 100 %
2026/10/07 05:24:20.057, 66817 MiB, 100 %
2026/10/07 05:24:22.058, 66817 MiB, 100 %
2026/10/07 05:24:24.060, 66817 MiB, 100 %
2026/10/07 05:24:26.062, 66817 MiB, 100 %
2026/10/07 05:24:28.064, 66817 MiB, 100 %
2026/10/07 05:24:30.066, 66817 MiB, 100 %
2026/10/07 05:24:32.068, 66817 MiB, 100 %
2026/10/07 05:24:34.071, 66817 MiB, 100 %
2026/10/07 05:24:36.074, 66817 MiB, 100 %
2026/10/07 05:24:38.165, 66817 MiB, 100 %
2026/10/07 05:24:40.168, 66817 MiB, 100 %
2026/10/07 05:24:42.171, 66817 MiB, 100 %
2026/10/07 05:24:44.173, 66817 MiB, 100 %
2026/10/07 05:24:46.177, 66817 MiB, 100 %
2026/10/07 05:24:48.179, 66817 MiB, 100 %
2026/10/07 05:24:50.182, 66817 MiB, 100 %
2026/10/07 05:24:52.184, 66817 MiB, 100 %
2026/10/07 05:24:54.187, 66817 MiB, 100 %
2026/10/07 05:24:56.190, 66817 MiB, 100 %
2026/10/07 05:24:58.194, 66817 MiB, 100 %
2026/10/07 05:25:00.196, 66817 MiB, 100 %
2026/10/07 05:25:02.199, 66817 MiB, 100 %
2026/10/07 05:25:04.200, 66817 MiB, 100 %
2026/10/07 05:25:06.203, 66817 MiB, 100 %
2026/10/07 05:25:08.206, 66817 MiB, 100 %
2026/10/07 05:25:10.209, 66817 MiB, 100 %
2026/10/07 05:25:12.212, 66817 MiB, 100 %
2026/10/07 05:25:14.218, 66817 MiB, 100 %
2026/10/07 05:25:16.221, 66817 MiB, 100 %
2026/10/07 05:25:18.224, 66817 MiB, 100 %
2026/10/07 05:25:20.226, 66817 MiB, 100 %
2026/10/07 05:25:22.228, 66817 MiB, 100 %
2026/10/07 05:25:24.230, 66817 MiB, 100 %
2026/10/07 05:25:26.233, 66817 MiB, 100 %
2026/10/07 05:25:28.236, 66817 MiB, 100 %
2026/10/07 05:25:30.238, 66817 MiB, 100 %
2026/10/07 05:25:32.240, 66817 MiB, 100 %
2026/10/07 05:25:34.243, 66817 MiB, 100 %
2026/10/07 05:25:36.245, 66817 MiB, 100 %
2026/10/07 05:25:38.247, 66817 MiB, 100 %
2026/10/07 05:25:40.248, 66817 MiB, 100 %
2026/10/07 05:25:42.251, 66817 MiB, 100 %
2026/10/07 05:25:44.256, 66817 MiB, 100 %
2026/10/07 05:25:46.258, 66817 MiB, 100 %
2026/10/07 05:25:48.261, 66817 MiB, 100 %
2026/10/07 05:25:50.264, 66817 MiB, 100 %
2026/10/07 05:25:52.265, 66817 MiB, 100 %
2026/10/07 05:25:54.268, 66817 MiB, 100 %
2026/10/07 05:25:56.270, 66817 MiB, 100 %
2026/10/07 05:25:58.273, 66817 MiB, 100 %
2026/10/07 05:26:00.276, 66817 MiB, 100 %
2026/10/07 05:26:02.279, 66817 MiB, 100 %
2026/10/07 05:26:04.280, 66817 MiB, 100 %
2026/10/07 05:26:06.282, 66817 MiB, 100 %
2026/10/07 05:26:08.286, 66817 MiB, 100 %
2026/10/07 05:26:10.287, 66817 MiB, 100 %
2026/10/07 05:26:12.289, 66817 MiB, 100 %
2026/10/07 05:26:14.295, 66817 MiB, 100 %
2026/10/07 05:26:16.298, 66817 MiB, 100 %
2026/10/07 05:26:18.299, 66817 MiB, 100 %
2026/10/07 05:26:20.302, 66817 MiB, 100 %
2026/10/07 05:26:22.305, 66817 MiB, 100 %
2026/10/07 05:26:24.308, 66817 MiB, 100 %
2026/10/07 05:26:26.310, 66817 MiB, 100 %
2026/10/07 05:26:28.313, 66817 MiB, 100 %
2026/10/07 05:26:30.316, 66817 MiB, 100 %
2026/10/07 05:26:32.319, 66817 MiB, 100 %
2026/10/07 05:26:34.322, 66817 MiB, 100 %
2026/10/07 05:26:36.325, 66817 MiB, 100 %
2026/10/07 05:26:38.328, 66817 MiB, 100 %
2026/10/07 05:26:40.330, 66817 MiB, 100 %
2026/10/07 05:26:42.333, 66817 MiB, 100 %
2026/10/07 05:26:44.337, 66817 MiB, 100 %
2026/10/07 05:26:46.340, 66817 MiB, 100 %
2026/10/07 05:26:48.342, 66817 MiB, 100 %
2026/10/07 05:26:50.345, 66817 MiB, 100 %
2026/10/07 05:26:52.346, 66817 MiB, 100 %
2026/10/07 05:26:54.347, 66817 MiB, 100 %
2026/10/07 05:26:56.350, 66817 MiB, 100 %
2026/10/07 05:26:58.352, 66817 MiB, 100 %
2026/10/07 05:27:00.353, 66817 MiB, 100 %
2026/10/07 05:27:02.356, 66817 MiB, 100 %
2026/10/07 05:27:04.358, 66817 MiB, 100 %
2026/10/07 05:27:06.360, 66817 MiB, 48 %
2026/10/07 05:27:08.363, 66817 MiB, 97 %
2026/10/07 05:27:10.365, 66817 MiB, 100 %
2026/10/07 05:27:12.367, 66817 MiB, 100 %
2026/10/07 05:27:14.369, 66817 MiB, 100 %
2026/10/07 05:27:16.371, 66817 MiB, 100 %
2026/10/07 05:27:18.373, 66817 MiB, 100 %
2026/10/07 05:27:20.375, 66817 MiB, 100 %
2026/10/07 05:27:22.377, 66817 MiB, 88 %
2026/10/07 05:27:24.380, 66817 MiB, 100 %
2026/10/07 05:27:26.382, 66817 MiB, 96 %
2026/10/07 05:27:28.385, 66817 MiB, 100 %
2026/10/07 05:27:30.394, 66817 MiB, 100 %
2026/10/07 05:27:32.397, 66817 MiB, 100 %
2026/10/07 05:27:34.398, 66817 MiB, 100 %
2026/10/07 05:27:36.400, 66817 MiB, 95 %
2026/10/07 05:27:38.401, 66817 MiB, 92 %
2026/10/07 05:27:40.403, 66817 MiB, 100 %
2026/10/07 05:27:42.406, 66817 MiB, 100 %
2026/10/07 05:27:44.412, 66817 MiB, 100 %
2026/10/07 05:27:46.414, 66817 MiB, 100 %
2026/10/07 05:27:48.417, 66817 MiB, 100 %
2026/10/07 05:27:50.419, 66817 MiB, 100 %
2026/10/07 05:27:52.419, 66817 MiB, 100 %
2026/10/07 05:27:54.422, 66817 MiB, 100 %
2026/10/07 05:27:56.424, 66817 MiB, 100 %
2026/10/07 05:27:58.427, 66817 MiB, 100 %
2026/10/07 05:28:00.429, 66817 MiB, 97 %
2026/10/07 05:28:02.432, 66817 MiB, 100 %
2026/10/07 05:28:04.434, 66817 MiB, 100 %
2026/10/07 05:28:06.435, 66817 MiB, 100 %
2026/10/07 05:28:08.437, 66817 MiB, 100 %
2026/10/07 05:28:10.438, 66817 MiB, 100 %
2026/10/07 05:28:12.440, 66817 MiB, 100 %
2026/10/07 05:28:14.445, 66817 MiB, 100 %
2026/10/07 05:28:16.447, 66817 MiB, 100 %
2026/10/07 05:28:18.449, 66817 MiB, 100 %
2026/10/07 05:28:20.451, 66817 MiB, 100 %
2026/10/07 05:28:22.452, 66817 MiB, 100 %
2026/10/07 05:28:24.455, 66817 MiB, 100 %
2026/10/07 05:28:26.458, 66817 MiB, 100 %
2026/10/07 05:28:28.460, 66817 MiB, 95 %
2026/10/07 05:28:30.463, 66817 MiB, 89 %
2026/10/07 05:28:32.465, 66817 MiB, 100 %
2026/10/07 05:28:34.468, 66817 MiB, 100 %
2026/10/07 05:28:36.471, 66817 MiB, 100 %
2026/10/07 05:28:38.474, 66817 MiB, 100 %
2026/10/07 05:28:40.477, 66817 MiB, 100 %
2026/10/07 05:28:42.479, 66817 MiB, 100 %
2026/10/07 05:28:44.484, 66817 MiB, 100 %
2026/10/07 05:28:46.487, 66817 MiB, 100 %
2026/10/07 05:28:48.489, 66817 MiB, 100 %
2026/10/07 05:28:50.492, 66817 MiB, 100 %
2026/10/07 05:28:52.493, 66817 MiB, 100 %
2026/10/07 05:28:54.495, 66817 MiB, 100 %
2026/10/07 05:28:56.498, 66817 MiB, 100 %
2026/10/07 05:28:58.500, 66817 MiB, 97 %
2026/10/07 05:29:00.502, 66817 MiB, 95 %
2026/10/07 05:29:02.503, 66817 MiB, 100 %
2026/10/07 05:29:04.505, 66817 MiB, 100 %
2026/10/07 05:29:06.507, 66817 MiB, 100 %
2026/10/07 05:29:08.510, 66817 MiB, 100 %
2026/10/07 05:29:10.512, 66817 MiB, 100 %
2026/10/07 05:29:12.515, 66817 MiB, 88 %
2026/10/07 05:29:14.520, 66817 MiB, 100 %
2026/10/07 05:29:16.524, 66817 MiB, 100 %
2026/10/07 05:29:18.528, 66817 MiB, 100 %
2026/10/07 05:29:20.529, 66817 MiB, 100 %
2026/10/07 05:29:22.531, 66817 MiB, 100 %
2026/10/07 05:29:24.533, 66817 MiB, 100 %
2026/10/07 05:29:26.536, 66817 MiB, 100 %
2026/10/07 05:29:28.539, 66817 MiB, 100 %
2026/10/07 05:29:30.541, 66817 MiB, 100 %
2026/10/07 05:29:32.543, 66817 MiB, 95 %
2026/10/07 05:29:34.545, 66817 MiB, 100 %
2026/10/07 05:29:36.547, 66817 MiB, 100 %
2026/10/07 05:29:38.550, 66817 MiB, 91 %
2026/10/07 05:29:40.552, 66817 MiB, 100 %
2026/10/07 05:29:42.556, 66817 MiB, 100 %
2026/10/07 05:29:44.559, 66817 MiB, 100 %
2026/10/07 05:29:46.561, 66817 MiB, 100 %
2026/10/07 05:29:48.563, 66817 MiB, 100 %
2026/10/07 05:29:50.567, 66817 MiB, 100 %
2026/10/07 05:29:52.567, 66817 MiB, 100 %
2026/10/07 05:29:54.569, 66817 MiB, 100 %
2026/10/07 05:29:56.571, 66817 MiB, 100 %
2026/10/07 05:29:58.573, 66817 MiB, 100 %
2026/10/07 05:30:00.576, 66817 MiB, 100 %
2026/10/07 05:30:02.579, 66817 MiB, 100 %
2026/10/07 05:30:04.582, 66817 MiB, 100 %
2026/10/07 05:30:06.592, 67345 MiB, 100 %
2026/10/07 05:30:08.610, 66817 MiB, 83 %
2026/10/07 05:30:10.747, 66817 MiB, 100 %
2026/10/07 05:30:12.750, 66817 MiB, 100 %
2026/10/07 05:30:14.753, 66817 MiB, 100 %
2026/10/07 05:30:16.754, 66817 MiB, 100 %
2026/10/07 05:30:18.756, 66817 MiB, 100 %
2026/10/07 05:30:20.758, 66817 MiB, 100 %
2026/10/07 05:30:22.759, 66817 MiB, 63 %
2026/10/07 05:30:24.762, 66817 MiB, 100 %
2026/10/07 05:30:26.765, 66817 MiB, 100 %
2026/10/07 05:30:28.767, 66817 MiB, 100 %
2026/10/07 05:30:30.770, 66817 MiB, 100 %
2026/10/07 05:30:32.773, 66817 MiB, 100 %
2026/10/07 05:30:34.776, 66817 MiB, 100 %
2026/10/07 05:30:36.779, 66817 MiB, 100 %
2026/10/07 05:30:38.782, 66817 MiB, 100 %
2026/10/07 05:30:40.785, 66817 MiB, 100 %
2026/10/07 05:30:42.788, 66817 MiB, 100 %
2026/10/07 05:30:44.791, 66817 MiB, 100 %
2026/10/07 05:30:46.794, 66817 MiB, 100 %
2026/10/07 05:30:48.796, 66817 MiB, 100 %
2026/10/07 05:30:50.799, 66817 MiB, 100 %
2026/10/07 05:30:52.802, 66817 MiB, 100 %
2026/10/07 05:30:54.804, 66817 MiB, 100 %
2026/10/07 05:30:56.807, 66817 MiB, 100 %
2026/10/07 05:30:58.809, 66817 MiB, 100 %
2026/10/07 05:31:00.812, 66817 MiB, 100 %
2026/10/07 05:31:02.815, 66817 MiB, 40 %
2026/10/07 05:31:04.818, 66817 MiB, 100 %
2026/10/07 05:31:06.821, 66817 MiB, 84 %
2026/10/07 05:31:08.823, 66817 MiB, 100 %
2026/10/07 05:31:10.826, 66817 MiB, 100 %
2026/10/07 05:31:12.829, 66817 MiB, 100 %
2026/10/07 05:31:14.836, 66817 MiB, 100 %
2026/10/07 05:31:16.839, 66817 MiB, 0 %
2026/10/07 05:31:18.842, 66817 MiB, 0 %
2026/10/07 05:31:20.844, 66817 MiB, 100 %
2026/10/07 05:31:22.847, 66817 MiB, 100 %
2026/10/07 05:31:24.850, 66817 MiB, 100 %
2026/10/07 05:31:26.852, 66817 MiB, 100 %
2026/10/07 05:31:28.854, 66817 MiB, 100 %
2026/10/07 05:31:30.856, 66817 MiB, 100 %
2026/10/07 05:31:32.858, 66817 MiB, 100 %
2026/10/07 05:31:34.860, 66817 MiB, 100 %
2026/10/07 05:31:36.862, 66817 MiB, 100 %
2026/10/07 05:31:38.865, 66817 MiB, 100 %
2026/10/07 05:31:40.867, 66817 MiB, 100 %
2026/10/07 05:31:42.870, 66817 MiB, 100 %
2026/10/07 05:31:44.876, 66817 MiB, 100 %
2026/10/07 05:31:46.879, 66817 MiB, 100 %
2026/10/07 05:31:48.881, 66817 MiB, 100 %
2026/10/07 05:31:50.884, 66817 MiB, 100 %
2026/10/07 05:31:52.887, 66817 MiB, 100 %
2026/10/07 05:31:54.890, 66817 MiB, 100 %
2026/10/07 05:31:56.893, 66817 MiB, 100 %
2026/10/07 05:31:58.895, 66817 MiB, 100 %
2026/10/07 05:32:00.898, 66817 MiB, 100 %
2026/10/07 05:32:02.900, 66817 MiB, 100 %
2026/10/07 05:32:04.903, 66817 MiB, 100 %
2026/10/07 05:32:06.905, 66817 MiB, 100 %
2026/10/07 05:32:08.908, 66817 MiB, 100 %
2026/10/07 05:32:10.911, 66817 MiB, 100 %
2026/10/07 05:32:12.914, 66817 MiB, 100 %
2026/10/07 05:32:14.918, 66817 MiB, 100 %
2026/10/07 05:32:16.921, 66817 MiB, 100 %
2026/10/07 05:32:18.924, 66817 MiB, 100 %
2026/10/07 05:32:20.927, 66817 MiB, 100 %
2026/10/07 05:32:22.929, 66817 MiB, 100 %
2026/10/07 05:32:24.932, 66817 MiB, 100 %
2026/10/07 05:32:26.935, 66817 MiB, 100 %
2026/10/07 05:32:28.937, 66817 MiB, 100 %
2026/10/07 05:32:30.940, 66817 MiB, 100 %
2026/10/07 05:32:32.943, 66817 MiB, 100 %
2026/10/07 05:32:34.946, 66817 MiB, 100 %
2026/10/07 05:32:36.949, 66817 MiB, 100 %
2026/10/07 05:32:38.952, 66817 MiB, 100 %
2026/10/07 05:32:40.954, 66817 MiB, 100 %
2026/10/07 05:32:42.957, 66817 MiB, 100 %
2026/10/07 05:32:45.014, 66817 MiB, 100 %
2026/10/07 05:32:47.017, 66817 MiB, 100 %
2026/10/07 05:32:49.019, 66817 MiB, 100 %
2026/10/07 05:32:51.020, 66817 MiB, 100 %
2026/10/07 05:32:53.023, 66817 MiB, 100 %
2026/10/07 05:32:55.025, 66817 MiB, 100 %
2026/10/07 05:32:57.027, 66817 MiB, 100 %
2026/10/07 05:32:59.030, 66817 MiB, 100 %
2026/10/07 05:33:01.033, 66817 MiB, 100 %
2026/10/07 05:33:03.035, 66817 MiB, 100 %
2026/10/07 05:33:05.038, 66817 MiB, 100 %
2026/10/07 05:33:07.040, 66817 MiB, 100 %
2026/10/07 05:33:09.043, 66817 MiB, 100 %
2026/10/07 05:33:11.046, 66817 MiB, 100 %
2026/10/07 05:33:13.048, 66817 MiB, 100 %
2026/10/07 05:33:15.051, 66817 MiB, 100 %
2026/10/07 05:33:17.054, 66817 MiB, 100 %
2026/10/07 05:33:19.057, 66817 MiB, 100 %
2026/10/07 05:33:21.059, 66817 MiB, 100 %
2026/10/07 05:33:23.062, 66817 MiB, 100 %
2026/10/07 05:33:25.065, 66817 MiB, 100 %
2026/10/07 05:33:27.067, 66817 MiB, 100 %
2026/10/07 05:33:29.068, 66817 MiB, 100 %
2026/10/07 05:33:31.071, 66817 MiB, 100 %
2026/10/07 05:33:33.074, 66817 MiB, 100 %
2026/10/07 05:33:35.077, 66817 MiB, 100 %
2026/10/07 05:33:37.080, 66817 MiB, 100 %
2026/10/07 05:33:39.083, 66817 MiB, 100 %
2026/10/07 05:33:41.086, 66817 MiB, 100 %
2026/10/07 05:33:43.089, 66817 MiB, 100 %
2026/10/07 05:33:45.095, 66817 MiB, 100 %
2026/10/07 05:33:47.098, 66817 MiB, 100 %
2026/10/07 05:33:49.101, 66817 MiB, 100 %
2026/10/07 05:33:51.104, 66817 MiB, 100 %
2026/10/07 05:33:53.107, 66817 MiB, 100 %
2026/10/07 05:33:55.109, 66817 MiB, 100 %
2026/10/07 05:33:57.111, 66817 MiB, 100 %
2026/10/07 05:33:59.114, 66817 MiB, 100 %
2026/10/07 05:34:01.116, 66817 MiB, 96 %
2026/10/07 05:34:03.119, 66817 MiB, 100 %
2026/10/07 05:34:05.121, 66817 MiB, 100 %
2026/10/07 05:34:07.124, 66817 MiB, 89 %
2026/10/07 05:34:09.126, 66817 MiB, 100 %
2026/10/07 05:34:11.128, 66817 MiB, 100 %
2026/10/07 05:34:13.131, 66817 MiB, 100 %
2026/10/07 05:34:15.133, 66817 MiB, 100 %
2026/10/07 05:34:17.134, 66817 MiB, 100 %
2026/10/07 05:34:19.136, 66817 MiB, 100 %
2026/10/07 05:34:21.139, 66817 MiB, 100 %
2026/10/07 05:34:23.140, 66817 MiB, 100 %
2026/10/07 05:34:25.141, 66817 MiB, 100 %
2026/10/07 05:34:27.143, 66817 MiB, 100 %
2026/10/07 05:34:29.146, 66817 MiB, 100 %
2026/10/07 05:34:31.149, 66817 MiB, 100 %
2026/10/07 05:34:33.151, 66817 MiB, 100 %
2026/10/07 05:34:35.154, 66817 MiB, 82 %
2026/10/07 05:34:37.156, 66817 MiB, 100 %
2026/10/07 05:34:39.158, 66817 MiB, 100 %
2026/10/07 05:34:41.159, 66817 MiB, 100 %
2026/10/07 05:34:43.161, 66817 MiB, 100 %
2026/10/07 05:34:45.165, 66817 MiB, 95 %
2026/10/07 05:34:47.168, 66817 MiB, 90 %
2026/10/07 05:34:49.171, 66817 MiB, 100 %
2026/10/07 05:34:51.173, 66817 MiB, 100 %
2026/10/07 05:34:53.176, 66817 MiB, 100 %
2026/10/07 05:34:55.177, 66817 MiB, 88 %
2026/10/07 05:34:57.180, 66817 MiB, 100 %
2026/10/07 05:34:59.182, 66817 MiB, 100 %
2026/10/07 05:35:01.185, 66817 MiB, 90 %
2026/10/07 05:35:03.188, 66817 MiB, 100 %
2026/10/07 05:35:05.191, 66817 MiB, 100 %
2026/10/07 05:35:07.193, 66817 MiB, 100 %
2026/10/07 05:35:09.196, 66817 MiB, 89 %
2026/10/07 05:35:11.198, 66817 MiB, 88 %
2026/10/07 05:35:13.201, 66817 MiB, 100 %
2026/10/07 05:35:15.211, 66817 MiB, 100 %
2026/10/07 05:35:17.214, 66817 MiB, 100 %
2026/10/07 05:35:19.217, 66817 MiB, 100 %
2026/10/07 05:35:21.219, 66817 MiB, 100 %
2026/10/07 05:35:23.222, 66817 MiB, 100 %
2026/10/07 05:35:25.225, 66817 MiB, 100 %
2026/10/07 05:35:27.228, 66817 MiB, 100 %
2026/10/07 05:35:29.230, 66817 MiB, 100 %
2026/10/07 05:35:31.233, 66817 MiB, 100 %
2026/10/07 05:35:33.235, 66817 MiB, 100 %
2026/10/07 05:35:35.239, 66817 MiB, 89 %
2026/10/07 05:35:37.242, 66817 MiB, 100 %
2026/10/07 05:35:39.245, 66817 MiB, 100 %
2026/10/07 05:35:41.247, 66817 MiB, 100 %
2026/10/07 05:35:43.251, 66817 MiB, 100 %
2026/10/07 05:35:45.255, 66817 MiB, 90 %
2026/10/07 05:35:47.258, 66817 MiB, 77 %
2026/10/07 05:35:49.261, 66817 MiB, 100 %
2026/10/07 05:35:51.262, 66817 MiB, 96 %
2026/10/07 05:35:53.265, 66817 MiB, 100 %
2026/10/07 05:35:55.268, 66817 MiB, 100 %
2026/10/07 05:35:57.271, 66817 MiB, 100 %
2026/10/07 05:35:59.274, 66817 MiB, 100 %
2026/10/07 05:36:01.276, 66817 MiB, 100 %
2026/10/07 05:36:03.279, 66817 MiB, 100 %
2026/10/07 05:36:05.282, 66817 MiB, 100 %
2026/10/07 05:36:07.284, 66817 MiB, 100 %
2026/10/07 05:36:09.287, 66817 MiB, 100 %
2026/10/07 05:36:11.289, 66817 MiB, 100 %
2026/10/07 05:36:13.291, 66817 MiB, 100 %
2026/10/07 05:36:15.295, 66817 MiB, 100 %
2026/10/07 05:36:17.297, 66817 MiB, 100 %
2026/10/07 05:36:19.299, 66817 MiB, 100 %
2026/10/07 05:36:21.301, 66817 MiB, 100 %
2026/10/07 05:36:23.304, 66817 MiB, 90 %
2026/10/07 05:36:25.307, 66817 MiB, 100 %
2026/10/07 05:36:27.309, 66817 MiB, 100 %
2026/10/07 05:36:29.312, 66817 MiB, 100 %
2026/10/07 05:36:31.314, 66817 MiB, 100 %
2026/10/07 05:36:33.317, 66817 MiB, 89 %
2026/10/07 05:36:35.320, 66817 MiB, 0 %
2026/10/07 05:36:37.321, 66817 MiB, 100 %
2026/10/07 05:36:39.323, 66817 MiB, 100 %
2026/10/07 05:36:41.325, 66817 MiB, 97 %
2026/10/07 05:36:43.328, 66817 MiB, 100 %
2026/10/07 05:36:45.331, 66817 MiB, 100 %
2026/10/07 05:36:47.334, 66817 MiB, 100 %
2026/10/07 05:36:49.336, 66817 MiB, 100 %
2026/10/07 05:36:51.339, 66817 MiB, 100 %
2026/10/07 05:36:53.341, 66817 MiB, 100 %
2026/10/07 05:36:55.344, 66817 MiB, 100 %
2026/10/07 05:36:57.346, 66817 MiB, 100 %
2026/10/07 05:36:59.348, 66817 MiB, 76 %
2026/10/07 05:37:01.351, 66817 MiB, 100 %
2026/10/07 05:37:03.353, 66817 MiB, 100 %
2026/10/07 05:37:05.354, 66817 MiB, 46 %
2026/10/07 05:37:07.356, 66817 MiB, 100 %
2026/10/07 05:37:09.358, 66817 MiB, 100 %
2026/10/07 05:37:11.361, 66817 MiB, 100 %
2026/10/07 05:37:13.364, 66817 MiB, 100 %
2026/10/07 05:37:15.369, 66817 MiB, 100 %
2026/10/07 05:37:17.370, 66817 MiB, 100 %
2026/10/07 05:37:19.373, 66817 MiB, 100 %
2026/10/07 05:37:21.376, 66817 MiB, 100 %
2026/10/07 05:37:23.379, 66817 MiB, 100 %
2026/10/07 05:37:25.382, 66817 MiB, 100 %
2026/10/07 05:37:27.385, 66817 MiB, 100 %
2026/10/07 05:37:29.388, 66817 MiB, 100 %
2026/10/07 05:37:31.391, 66817 MiB, 100 %
2026/10/07 05:37:33.394, 66817 MiB, 100 %
2026/10/07 05:37:35.396, 66817 MiB, 100 %
2026/10/07 05:37:37.399, 66817 MiB, 100 %
2026/10/07 05:37:39.402, 66817 MiB, 100 %
2026/10/07 05:37:41.405, 66817 MiB, 100 %
2026/10/07 05:37:43.408, 66817 MiB, 100 %
2026/10/07 05:37:45.413, 66817 MiB, 100 %
2026/10/07 05:37:47.416, 66817 MiB, 100 %
2026/10/07 05:37:49.419, 66817 MiB, 98 %
2026/10/07 05:37:51.422, 66817 MiB, 98 %
2026/10/07 05:37:53.425, 66817 MiB, 100 %
2026/10/07 05:37:55.428, 66817 MiB, 100 %
2026/10/07 05:37:57.430, 66817 MiB, 100 %
2026/10/07 05:37:59.432, 66817 MiB, 67 %
2026/10/07 05:38:01.434, 66817 MiB, 100 %
2026/10/07 05:38:03.437, 66817 MiB, 100 %
2026/10/07 05:38:05.439, 66817 MiB, 100 %
2026/10/07 05:38:07.441, 66817 MiB, 100 %
2026/10/07 05:38:09.443, 66817 MiB, 100 %
2026/10/07 05:38:11.446, 66817 MiB, 60 %
2026/10/07 05:38:13.449, 66817 MiB, 0 %
2026/10/07 05:38:15.453, 66817 MiB, 100 %
2026/10/07 05:38:17.455, 66817 MiB, 100 %
2026/10/07 05:38:19.458, 66817 MiB, 100 %
2026/10/07 05:38:21.460, 66817 MiB, 100 %
2026/10/07 05:38:23.462, 66817 MiB, 100 %
2026/10/07 05:38:25.465, 66817 MiB, 100 %
2026/10/07 05:38:27.466, 66817 MiB, 100 %
2026/10/07 05:38:29.469, 66817 MiB, 100 %
2026/10/07 05:38:31.470, 66817 MiB, 100 %
2026/10/07 05:38:33.471, 66817 MiB, 100 %
2026/10/07 05:38:35.473, 66817 MiB, 100 %
2026/10/07 05:38:37.479, 66817 MiB, 100 %
2026/10/07 05:38:39.482, 66817 MiB, 100 %
2026/10/07 05:38:41.485, 66817 MiB, 100 %
2026/10/07 05:38:43.488, 66817 MiB, 100 %
2026/10/07 05:38:45.491, 66817 MiB, 100 %
2026/10/07 05:38:47.494, 66817 MiB, 100 %
2026/10/07 05:38:49.496, 66817 MiB, 100 %
2026/10/07 05:38:51.497, 66817 MiB, 100 %
2026/10/07 05:38:53.500, 66817 MiB, 100 %
2026/10/07 05:38:55.502, 66817 MiB, 100 %
2026/10/07 05:38:57.504, 66817 MiB, 100 %
2026/10/07 05:38:59.505, 66817 MiB, 100 %
2026/10/07 05:39:01.508, 66817 MiB, 100 %
2026/10/07 05:39:03.511, 66817 MiB, 100 %
2026/10/07 05:39:05.514, 66817 MiB, 100 %
2026/10/07 05:39:07.517, 66817 MiB, 100 %
2026/10/07 05:39:09.519, 66817 MiB, 100 %
2026/10/07 05:39:11.521, 66817 MiB, 100 %
2026/10/07 05:39:13.524, 66817 MiB, 100 %
2026/10/07 05:39:15.526, 66817 MiB, 100 %
2026/10/07 05:39:17.529, 66817 MiB, 100 %
2026/10/07 05:39:19.530, 66817 MiB, 100 %
2026/10/07 05:39:21.532, 66817 MiB, 100 %
2026/10/07 05:39:23.535, 66817 MiB, 100 %
2026/10/07 05:39:25.538, 66817 MiB, 100 %
2026/10/07 05:39:27.540, 66817 MiB, 100 %
2026/10/07 05:39:29.543, 66817 MiB, 100 %
2026/10/07 05:39:31.546, 66817 MiB, 100 %
2026/10/07 05:39:33.546, 66817 MiB, 100 %
2026/10/07 05:39:35.548, 66817 MiB, 100 %
2026/10/07 05:39:37.549, 66817 MiB, 100 %
2026/10/07 05:39:39.551, 66817 MiB, 99 %
2026/10/07 05:39:41.553, 66817 MiB, 100 %
2026/10/07 05:39:43.555, 66817 MiB, 100 %
2026/10/07 05:39:45.560, 66817 MiB, 100 %
2026/10/07 05:39:47.561, 66817 MiB, 100 %
2026/10/07 05:39:49.562, 66817 MiB, 100 %
2026/10/07 05:39:51.564, 66817 MiB, 100 %
2026/10/07 05:39:53.566, 66817 MiB, 100 %
2026/10/07 05:39:55.569, 66817 MiB, 100 %
2026/10/07 05:39:57.572, 66817 MiB, 100 %
2026/10/07 05:39:59.574, 66817 MiB, 100 %
2026/10/07 05:40:01.575, 66817 MiB, 100 %
2026/10/07 05:40:03.577, 66817 MiB, 100 %
2026/10/07 05:40:05.578, 66817 MiB, 100 %
2026/10/07 05:40:07.581, 66817 MiB, 100 %
2026/10/07 05:40:09.583, 66817 MiB, 100 %
2026/10/07 05:40:11.585, 66817 MiB, 100 %
2026/10/07 05:40:13.587, 66817 MiB, 100 %
2026/10/07 05:40:15.590, 66817 MiB, 100 %
2026/10/07 05:40:17.593, 66817 MiB, 100 %
2026/10/07 05:40:19.594, 66817 MiB, 100 %
2026/10/07 05:40:21.596, 66817 MiB, 100 %
2026/10/07 05:40:23.598, 66817 MiB, 100 %
2026/10/07 05:40:25.601, 66817 MiB, 100 %
2026/10/07 05:40:27.603, 66817 MiB, 100 %
2026/10/07 05:40:29.604, 66817 MiB, 100 %
2026/10/07 05:40:31.607, 66817 MiB, 100 %
2026/10/07 05:40:33.609, 66817 MiB, 100 %
2026/10/07 05:40:35.611, 66817 MiB, 100 %
2026/10/07 05:40:37.614, 66817 MiB, 100 %
2026/10/07 05:40:39.618, 66817 MiB, 100 %
2026/10/07 05:40:41.618, 66817 MiB, 100 %
2026/10/07 05:40:43.621, 66817 MiB, 100 %
2026/10/07 05:40:45.624, 66817 MiB, 100 %
2026/10/07 05:40:47.626, 66817 MiB, 100 %
2026/10/07 05:40:49.629, 66817 MiB, 100 %
2026/10/07 05:40:51.631, 66817 MiB, 100 %
2026/10/07 05:40:53.634, 66817 MiB, 100 %
2026/10/07 05:40:55.635, 66817 MiB, 100 %
2026/10/07 05:40:57.637, 66817 MiB, 100 %
2026/10/07 05:40:59.638, 66817 MiB, 100 %
2026/10/07 05:41:01.641, 66817 MiB, 100 %
2026/10/07 05:41:03.643, 66817 MiB, 100 %
2026/10/07 05:41:05.645, 66817 MiB, 100 %
2026/10/07 05:41:07.648, 66817 MiB, 100 %
2026/10/07 05:41:09.651, 66817 MiB, 100 %
2026/10/07 05:41:11.653, 66817 MiB, 100 %
2026/10/07 05:41:13.656, 66817 MiB, 100 %
2026/10/07 05:41:15.662, 66817 MiB, 100 %
2026/10/07 05:41:17.665, 66817 MiB, 100 %
2026/10/07 05:41:19.666, 66817 MiB, 100 %
2026/10/07 05:41:21.669, 66817 MiB, 100 %
2026/10/07 05:41:23.670, 66817 MiB, 100 %
2026/10/07 05:41:25.671, 66817 MiB, 100 %
2026/10/07 05:41:27.674, 66817 MiB, 100 %
2026/10/07 05:41:29.677, 66817 MiB, 100 %
2026/10/07 05:41:31.680, 66817 MiB, 100 %
2026/10/07 05:41:33.683, 66817 MiB, 100 %
2026/10/07 05:41:35.686, 66817 MiB, 100 %
2026/10/07 05:41:37.687, 66817 MiB, 100 %
2026/10/07 05:41:39.689, 66817 MiB, 100 %
2026/10/07 05:41:41.692, 66817 MiB, 99 %
2026/10/07 05:41:43.694, 66817 MiB, 100 %
2026/10/07 05:41:45.699, 66817 MiB, 100 %
2026/10/07 05:41:47.701, 66817 MiB, 95 %
2026/10/07 05:41:49.704, 66817 MiB, 100 %
2026/10/07 05:41:51.707, 66817 MiB, 100 %
2026/10/07 05:41:53.709, 66817 MiB, 100 %
2026/10/07 05:41:55.710, 66817 MiB, 100 %
2026/10/07 05:41:57.712, 66817 MiB, 86 %
2026/10/07 05:41:59.713, 66817 MiB, 100 %
2026/10/07 05:42:01.716, 66817 MiB, 100 %
2026/10/07 05:42:03.718, 66817 MiB, 100 %
2026/10/07 05:42:05.721, 66817 MiB, 100 %
2026/10/07 05:42:07.723, 66817 MiB, 100 %
2026/10/07 05:42:09.725, 66817 MiB, 94 %
2026/10/07 05:42:11.727, 66817 MiB, 100 %
2026/10/07 05:42:13.730, 66817 MiB, 100 %
2026/10/07 05:42:15.736, 66817 MiB, 100 %
2026/10/07 05:42:17.739, 66817 MiB, 96 %
2026/10/07 05:42:19.743, 66817 MiB, 100 %
2026/10/07 05:42:21.745, 66817 MiB, 100 %
2026/10/07 05:42:23.748, 66817 MiB, 90 %
2026/10/07 05:42:25.750, 66817 MiB, 100 %
2026/10/07 05:42:27.753, 66817 MiB, 100 %
2026/10/07 05:42:29.756, 66817 MiB, 100 %
2026/10/07 05:42:31.758, 66817 MiB, 100 %
2026/10/07 05:42:33.760, 66817 MiB, 100 %
2026/10/07 05:42:35.763, 66817 MiB, 100 %
2026/10/07 05:42:37.766, 66817 MiB, 100 %
2026/10/07 05:42:39.769, 66817 MiB, 100 %
2026/10/07 05:42:41.771, 66817 MiB, 100 %
2026/10/07 05:42:43.774, 66817 MiB, 100 %
2026/10/07 05:42:45.777, 66817 MiB, 100 %
2026/10/07 05:42:47.779, 66817 MiB, 89 %
2026/10/07 05:42:49.781, 66817 MiB, 100 %
2026/10/07 05:42:51.783, 66817 MiB, 100 %
2026/10/07 05:42:53.784, 66817 MiB, 100 %
2026/10/07 05:42:55.786, 66817 MiB, 100 %
2026/10/07 05:42:57.788, 66817 MiB, 89 %
2026/10/07 05:42:59.789, 66817 MiB, 90 %
2026/10/07 05:43:01.792, 66817 MiB, 100 %
2026/10/07 05:43:03.794, 66817 MiB, 100 %
2026/10/07 05:43:05.797, 66817 MiB, 96 %
2026/10/07 05:43:07.799, 66817 MiB, 100 %
2026/10/07 05:43:09.801, 66817 MiB, 100 %
2026/10/07 05:43:11.803, 66817 MiB, 100 %
2026/10/07 05:43:13.805, 66817 MiB, 100 %
2026/10/07 05:43:15.813, 66817 MiB, 100 %
2026/10/07 05:43:17.816, 66817 MiB, 100 %
2026/10/07 05:43:19.818, 66817 MiB, 100 %
2026/10/07 05:43:21.821, 66817 MiB, 100 %
2026/10/07 05:43:23.824, 66817 MiB, 100 %
2026/10/07 05:43:25.826, 66817 MiB, 100 %
2026/10/07 05:43:27.829, 66817 MiB, 100 %
2026/10/07 05:43:29.831, 66817 MiB, 100 %
2026/10/07 05:43:31.834, 66817 MiB, 100 %
2026/10/07 05:43:33.836, 66817 MiB, 100 %
2026/10/07 05:43:35.837, 66817 MiB, 89 %
2026/10/07 05:43:37.839, 66817 MiB, 96 %
2026/10/07 05:43:39.841, 66817 MiB, 100 %
2026/10/07 05:43:41.842, 66817 MiB, 100 %
2026/10/07 05:43:43.846, 66817 MiB, 100 %
2026/10/07 05:43:45.848, 66817 MiB, 100 %
2026/10/07 05:43:47.850, 66817 MiB, 100 %
2026/10/07 05:43:49.852, 66817 MiB, 96 %
2026/10/07 05:43:51.853, 66817 MiB, 100 %
2026/10/07 05:43:53.855, 66817 MiB, 100 %
2026/10/07 05:43:55.857, 66817 MiB, 100 %
2026/10/07 05:43:57.860, 66817 MiB, 100 %
2026/10/07 05:43:59.862, 66817 MiB, 100 %
2026/10/07 05:44:01.864, 66817 MiB, 100 %
2026/10/07 05:44:03.865, 66817 MiB, 100 %
2026/10/07 05:44:05.868, 66817 MiB, 100 %
2026/10/07 05:44:07.870, 66817 MiB, 96 %
2026/10/07 05:44:09.871, 66817 MiB, 100 %
2026/10/07 05:44:11.875, 66817 MiB, 100 %
2026/10/07 05:44:13.877, 66817 MiB, 100 %
2026/10/07 05:44:15.881, 66817 MiB, 100 %
2026/10/07 05:44:17.883, 66817 MiB, 97 %
2026/10/07 05:44:19.886, 66817 MiB, 100 %
2026/10/07 05:44:21.889, 66817 MiB, 100 %
2026/10/07 05:44:23.891, 66817 MiB, 100 %
2026/10/07 05:44:25.893, 66817 MiB, 100 %
2026/10/07 05:44:27.896, 66817 MiB, 97 %
2026/10/07 05:44:29.898, 66817 MiB, 100 %
2026/10/07 05:44:31.901, 66817 MiB, 100 %
2026/10/07 05:44:33.902, 66817 MiB, 100 %
2026/10/07 05:44:35.903, 66817 MiB, 57 %
2026/10/07 05:44:37.905, 66817 MiB, 73 %
2026/10/07 05:44:39.906, 66817 MiB, 100 %
2026/10/07 05:44:41.907, 66817 MiB, 100 %
2026/10/07 05:44:43.909, 66817 MiB, 75 %
2026/10/07 05:44:45.913, 66817 MiB, 100 %
2026/10/07 05:44:47.916, 66817 MiB, 100 %
2026/10/07 05:44:49.917, 66817 MiB, 89 %
2026/10/07 05:44:51.919, 66817 MiB, 100 %
2026/10/07 05:44:53.921, 66817 MiB, 100 %
2026/10/07 05:44:55.923, 66817 MiB, 100 %
2026/10/07 05:44:57.926, 66817 MiB, 80 %
2026/10/07 05:44:59.927, 66817 MiB, 100 %
2026/10/07 05:45:01.928, 66817 MiB, 91 %
2026/10/07 05:45:03.929, 66817 MiB, 99 %
2026/10/07 05:45:05.930, 66817 MiB, 99 %
2026/10/07 05:45:07.932, 67345 MiB, 100 %
2026/10/07 05:45:09.933, 66817 MiB, 100 %
2026/10/07 05:45:11.938, 66817 MiB, 68 %
2026/10/07 05:45:13.940, 66817 MiB, 100 %
2026/10/07 05:45:15.944, 66817 MiB, 100 %
2026/10/07 05:45:17.947, 66817 MiB, 100 %
2026/10/07 05:45:19.949, 66817 MiB, 100 %
2026/10/07 05:45:21.951, 66817 MiB, 100 %
2026/10/07 05:45:23.953, 66817 MiB, 100 %
2026/10/07 05:45:25.956, 66817 MiB, 100 %
2026/10/07 05:45:27.958, 66817 MiB, 100 %
2026/10/07 05:45:29.960, 66817 MiB, 100 %
2026/10/07 05:45:31.961, 66817 MiB, 100 %
2026/10/07 05:45:33.965, 66817 MiB, 100 %
2026/10/07 05:45:35.967, 66817 MiB, 98 %
2026/10/07 05:45:37.969, 66817 MiB, 0 %
2026/10/07 05:45:39.972, 66817 MiB, 0 %
2026/10/07 05:45:41.975, 66817 MiB, 100 %
2026/10/07 05:45:43.978, 66817 MiB, 100 %
2026/10/07 05:45:45.983, 66817 MiB, 100 %
2026/10/07 05:45:47.985, 66817 MiB, 100 %
2026/10/07 05:45:49.987, 66817 MiB, 100 %
2026/10/07 05:45:51.990, 66817 MiB, 100 %
2026/10/07 05:45:53.991, 66817 MiB, 100 %
2026/10/07 05:45:55.992, 66817 MiB, 100 %
2026/10/07 05:45:57.995, 66817 MiB, 100 %
2026/10/07 05:45:59.998, 66817 MiB, 100 %
2026/10/07 05:46:02.000, 66817 MiB, 100 %
2026/10/07 05:46:04.003, 66817 MiB, 99 %
2026/10/07 05:46:06.006, 66817 MiB, 100 %
2026/10/07 05:46:08.008, 66817 MiB, 100 %
2026/10/07 05:46:10.010, 66817 MiB, 100 %
2026/10/07 05:46:12.013, 66817 MiB, 100 %
2026/10/07 05:46:14.015, 66817 MiB, 100 %
2026/10/07 05:46:16.019, 66817 MiB, 100 %
2026/10/07 05:46:18.020, 66817 MiB, 100 %
2026/10/07 05:46:20.022, 66817 MiB, 100 %
2026/10/07 05:46:22.023, 66817 MiB, 100 %
2026/10/07 05:46:24.025, 66817 MiB, 100 %
2026/10/07 05:46:26.028, 66817 MiB, 100 %
2026/10/07 05:46:28.030, 66817 MiB, 100 %
2026/10/07 05:46:30.033, 66817 MiB, 99 %
2026/10/07 05:46:32.035, 66817 MiB, 100 %
2026/10/07 05:46:34.037, 66817 MiB, 100 %
2026/10/07 05:46:36.040, 66817 MiB, 100 %
2026/10/07 05:46:38.043, 66817 MiB, 100 %
2026/10/07 05:46:40.045, 66817 MiB, 100 %
2026/10/07 05:46:42.048, 66817 MiB, 100 %
2026/10/07 05:46:44.049, 66817 MiB, 100 %
2026/10/07 05:46:46.051, 66817 MiB, 100 %
2026/10/07 05:46:48.054, 66817 MiB, 100 %
2026/10/07 05:46:50.056, 66817 MiB, 100 %
2026/10/07 05:46:52.057, 66817 MiB, 100 %
2026/10/07 05:46:54.059, 66817 MiB, 100 %
2026/10/07 05:46:56.062, 66817 MiB, 100 %
2026/10/07 05:46:58.064, 66817 MiB, 100 %
2026/10/07 05:47:00.066, 66817 MiB, 100 %
2026/10/07 05:47:02.069, 66817 MiB, 100 %
2026/10/07 05:47:04.082, 66817 MiB, 100 %
2026/10/07 05:47:06.120, 66817 MiB, 100 %
2026/10/07 05:47:08.127, 66817 MiB, 100 %
2026/10/07 05:47:10.149, 66817 MiB, 100 %
2026/10/07 05:47:12.158, 66817 MiB, 100 %
2026/10/07 05:47:14.158, 66817 MiB, 100 %
2026/10/07 05:47:16.161, 66817 MiB, 100 %
2026/10/07 05:47:18.174, 66817 MiB, 100 %
2026/10/07 05:47:20.175, 66817 MiB, 100 %
2026/10/07 05:47:22.177, 66817 MiB, 100 %
2026/10/07 05:47:24.179, 66817 MiB, 100 %
2026/10/07 05:47:26.219, 66817 MiB, 100 %
2026/10/07 05:47:28.226, 66817 MiB, 100 %
2026/10/07 05:47:30.227, 66817 MiB, 100 %
2026/10/07 05:47:32.229, 66817 MiB, 100 %
2026/10/07 05:47:34.230, 66817 MiB, 100 %
2026/10/07 05:47:36.233, 66817 MiB, 100 %
2026/10/07 05:47:38.234, 66817 MiB, 100 %
2026/10/07 05:47:40.257, 66817 MiB, 100 %
2026/10/07 05:47:42.281, 66817 MiB, 100 %
2026/10/07 05:47:44.341, 66817 MiB, 100 %
2026/10/07 05:47:46.353, 66817 MiB, 100 %
2026/10/07 05:47:48.354, 66817 MiB, 100 %
2026/10/07 05:47:50.369, 66817 MiB, 100 %
2026/10/07 05:47:52.370, 66817 MiB, 100 %
2026/10/07 05:47:54.397, 66817 MiB, 100 %
2026/10/07 05:47:56.399, 66817 MiB, 100 %
2026/10/07 05:47:58.425, 66817 MiB, 100 %
2026/10/07 05:48:00.427, 66817 MiB, 100 %
2026/10/07 05:48:02.481, 66817 MiB, 100 %
2026/10/07 05:48:04.483, 66817 MiB, 100 %
2026/10/07 05:48:06.484, 66817 MiB, 100 %
2026/10/07 05:48:08.485, 66817 MiB, 100 %
2026/10/07 05:48:10.488, 66817 MiB, 100 %
2026/10/07 05:48:12.490, 66817 MiB, 87 %
2026/10/07 05:48:14.492, 66817 MiB, 100 %
2026/10/07 05:48:16.498, 66817 MiB, 100 %
2026/10/07 05:48:18.517, 66817 MiB, 95 %
2026/10/07 05:48:20.519, 66817 MiB, 100 %
2026/10/07 05:48:22.521, 66817 MiB, 100 %
2026/10/07 05:48:24.522, 66817 MiB, 85 %
2026/10/07 05:48:26.524, 66817 MiB, 100 %
2026/10/07 05:48:28.694, 66817 MiB, 100 %
2026/10/07 05:48:30.715, 66817 MiB, 100 %
2026/10/07 05:48:32.716, 66817 MiB, 100 %
2026/10/07 05:48:34.723, 66817 MiB, 100 %
2026/10/07 05:48:36.738, 66817 MiB, 100 %
2026/10/07 05:48:38.755, 66817 MiB, 100 %
2026/10/07 05:48:40.766, 66817 MiB, 100 %
2026/10/07 05:48:42.797, 66817 MiB, 89 %
2026/10/07 05:48:44.800, 66817 MiB, 100 %
2026/10/07 05:48:46.812, 66817 MiB, 100 %
2026/10/07 05:48:48.814, 66817 MiB, 100 %
2026/10/07 05:48:50.815, 66817 MiB, 100 %
2026/10/07 05:48:52.816, 66817 MiB, 100 %
2026/10/07 05:48:54.819, 66817 MiB, 95 %
2026/10/07 05:48:56.831, 66817 MiB, 100 %
2026/10/07 05:48:58.832, 66817 MiB, 100 %
2026/10/07 05:49:00.836, 66817 MiB, 100 %
2026/10/07 05:49:02.847, 66817 MiB, 96 %
2026/10/07 05:49:04.851, 66817 MiB, 87 %
2026/10/07 05:49:06.852, 66817 MiB, 96 %
2026/10/07 05:49:08.853, 66817 MiB, 100 %
2026/10/07 05:49:10.854, 66817 MiB, 100 %
2026/10/07 05:49:12.856, 66817 MiB, 100 %
2026/10/07 05:49:14.857, 66817 MiB, 88 %
2026/10/07 05:49:16.859, 66817 MiB, 100 %
2026/10/07 05:49:18.862, 66817 MiB, 100 %
2026/10/07 05:49:20.865, 66817 MiB, 100 %
2026/10/07 05:49:22.867, 66817 MiB, 100 %
2026/10/07 05:49:24.868, 66817 MiB, 100 %
2026/10/07 05:49:26.869, 66817 MiB, 100 %
2026/10/07 05:49:28.870, 66817 MiB, 96 %
2026/10/07 05:49:30.874, 66817 MiB, 94 %
2026/10/07 05:49:32.876, 66817 MiB, 100 %
2026/10/07 05:49:34.879, 66817 MiB, 100 %
2026/10/07 05:49:36.881, 66817 MiB, 100 %
2026/10/07 05:49:38.884, 66817 MiB, 88 %
2026/10/07 05:49:40.887, 66817 MiB, 100 %
2026/10/07 05:49:42.889, 66817 MiB, 100 %
2026/10/07 05:49:44.892, 66817 MiB, 100 %
2026/10/07 05:49:46.894, 66817 MiB, 100 %
2026/10/07 05:49:48.897, 66817 MiB, 100 %
2026/10/07 05:49:50.898, 66817 MiB, 100 %
2026/10/07 05:49:52.901, 66817 MiB, 100 %
2026/10/07 05:49:54.902, 66817 MiB, 100 %
2026/10/07 05:49:56.905, 66817 MiB, 95 %
2026/10/07 05:49:58.908, 66817 MiB, 100 %
2026/10/07 05:50:00.910, 66817 MiB, 100 %
2026/10/07 05:50:02.914, 66817 MiB, 100 %
2026/10/07 05:50:04.917, 66817 MiB, 100 %
2026/10/07 05:50:06.920, 66817 MiB, 100 %
2026/10/07 05:50:08.922, 66817 MiB, 95 %
2026/10/07 05:50:10.925, 66817 MiB, 100 %
2026/10/07 05:50:12.928, 66817 MiB, 100 %
2026/10/07 05:50:14.931, 66817 MiB, 100 %
2026/10/07 05:50:16.934, 66817 MiB, 100 %
2026/10/07 05:50:18.937, 66817 MiB, 100 %
2026/10/07 05:50:20.938, 66817 MiB, 100 %
2026/10/07 05:50:22.940, 66817 MiB, 100 %
2026/10/07 05:50:24.941, 66817 MiB, 87 %
2026/10/07 05:50:26.943, 66817 MiB, 100 %
2026/10/07 05:50:28.945, 66817 MiB, 100 %
2026/10/07 05:50:30.946, 66817 MiB, 98 %
2026/10/07 05:50:32.949, 66817 MiB, 100 %
2026/10/07 05:50:34.951, 66817 MiB, 100 %
2026/10/07 05:50:36.952, 66817 MiB, 100 %
2026/10/07 05:50:38.954, 66817 MiB, 100 %
2026/10/07 05:50:40.955, 66817 MiB, 96 %
2026/10/07 05:50:42.956, 66817 MiB, 44 %
2026/10/07 05:50:44.959, 66817 MiB, 100 %
2026/10/07 05:50:46.962, 66817 MiB, 100 %
2026/10/07 05:50:48.963, 66817 MiB, 96 %
2026/10/07 05:50:50.965, 66817 MiB, 100 %
2026/10/07 05:50:52.968, 66817 MiB, 0 %
2026/10/07 05:50:54.970, 66817 MiB, 100 %
2026/10/07 05:50:56.973, 66817 MiB, 100 %
2026/10/07 05:50:58.974, 66817 MiB, 100 %
2026/10/07 05:51:00.977, 66817 MiB, 100 %
2026/10/07 05:51:02.979, 66817 MiB, 100 %
2026/10/07 05:51:04.983, 66817 MiB, 100 %
2026/10/07 05:51:06.986, 66817 MiB, 99 %
2026/10/07 05:51:08.989, 66817 MiB, 0 %
2026/10/07 05:51:10.991, 66817 MiB, 100 %
2026/10/07 05:51:12.994, 66817 MiB, 100 %
2026/10/07 05:51:14.997, 66817 MiB, 100 %
2026/10/07 05:51:17.001, 66817 MiB, 100 %
2026/10/07 05:51:19.003, 66817 MiB, 93 %
2026/10/07 05:51:21.006, 66817 MiB, 100 %
2026/10/07 05:51:23.009, 66817 MiB, 100 %
2026/10/07 05:51:25.012, 66817 MiB, 100 %
2026/10/07 05:51:27.015, 66817 MiB, 100 %
2026/10/07 05:51:29.018, 66817 MiB, 0 %
2026/10/07 05:51:31.021, 66817 MiB, 12 %
2026/10/07 05:51:33.023, 66817 MiB, 60 %
2026/10/07 05:51:35.026, 66817 MiB, 97 %
2026/10/07 05:51:37.029, 66817 MiB, 87 %
2026/10/07 05:51:39.032, 66817 MiB, 93 %
2026/10/07 05:51:41.034, 66817 MiB, 100 %
2026/10/07 05:51:43.037, 66817 MiB, 100 %
2026/10/07 05:51:45.040, 66817 MiB, 51 %
2026/10/07 05:51:47.041, 66817 MiB, 100 %
2026/10/07 05:51:49.043, 66817 MiB, 100 %
2026/10/07 05:51:51.046, 66817 MiB, 100 %
2026/10/07 05:51:53.049, 66817 MiB, 100 %
2026/10/07 05:51:55.050, 66817 MiB, 100 %
2026/10/07 05:51:57.060, 66817 MiB, 100 %
2026/10/07 05:51:59.064, 66817 MiB, 100 %
2026/10/07 05:52:01.068, 66817 MiB, 100 %
2026/10/07 05:52:03.072, 66817 MiB, 70 %
2026/10/07 05:52:05.076, 66817 MiB, 100 %
2026/10/07 05:52:07.077, 66817 MiB, 0 %
2026/10/07 05:52:09.079, 66817 MiB, 100 %
2026/10/07 05:52:11.080, 66817 MiB, 100 %
2026/10/07 05:52:13.082, 66817 MiB, 100 %
2026/10/07 05:52:15.131, 66817 MiB, 100 %
2026/10/07 05:52:17.136, 66817 MiB, 100 %
2026/10/07 05:52:19.138, 66817 MiB, 100 %
2026/10/07 05:52:21.141, 66817 MiB, 100 %
2026/10/07 05:52:23.144, 66817 MiB, 100 %
2026/10/07 05:52:25.147, 66817 MiB, 100 %
2026/10/07 05:52:27.150, 66817 MiB, 100 %
2026/10/07 05:52:29.152, 66817 MiB, 100 %
2026/10/07 05:52:31.154, 66817 MiB, 100 %
2026/10/07 05:52:33.157, 66817 MiB, 100 %
2026/10/07 05:52:35.160, 66817 MiB, 100 %
2026/10/07 05:52:37.163, 66817 MiB, 100 %
2026/10/07 05:52:39.165, 66817 MiB, 100 %
2026/10/07 05:52:41.168, 66817 MiB, 100 %
2026/10/07 05:52:43.171, 66817 MiB, 100 %
2026/10/07 05:52:45.174, 66817 MiB, 100 %
2026/10/07 05:52:47.178, 66817 MiB, 100 %
2026/10/07 05:52:49.181, 66817 MiB, 100 %
2026/10/07 05:52:51.183, 66817 MiB, 100 %
2026/10/07 05:52:53.186, 66817 MiB, 100 %
2026/10/07 05:52:55.189, 66817 MiB, 100 %
2026/10/07 05:52:57.191, 66817 MiB, 100 %
2026/10/07 05:52:59.194, 66817 MiB, 100 %
2026/10/07 05:53:01.196, 66817 MiB, 100 %
2026/10/07 05:53:03.199, 66817 MiB, 100 %
2026/10/07 05:53:05.202, 66817 MiB, 100 %
2026/10/07 05:53:07.204, 66817 MiB, 100 %
2026/10/07 05:53:09.207, 66817 MiB, 100 %
2026/10/07 05:53:11.210, 66817 MiB, 100 %
2026/10/07 05:53:13.212, 66817 MiB, 100 %
2026/10/07 05:53:15.216, 66817 MiB, 100 %
2026/10/07 05:53:17.221, 66817 MiB, 100 %
2026/10/07 05:53:19.224, 66817 MiB, 100 %
2026/10/07 05:53:21.227, 66817 MiB, 100 %
2026/10/07 05:53:23.230, 66817 MiB, 100 %
2026/10/07 05:53:25.233, 66817 MiB, 100 %
2026/10/07 05:53:27.236, 66817 MiB, 100 %
2026/10/07 05:53:29.238, 66817 MiB, 100 %
2026/10/07 05:53:31.241, 66817 MiB, 100 %
2026/10/07 05:53:33.244, 66817 MiB, 100 %
2026/10/07 05:53:35.246, 66817 MiB, 100 %
2026/10/07 05:53:37.249, 66817 MiB, 100 %
2026/10/07 05:53:39.252, 66817 MiB, 100 %
2026/10/07 05:53:41.255, 66817 MiB, 100 %
2026/10/07 05:53:43.258, 66817 MiB, 100 %
2026/10/07 05:53:45.261, 66817 MiB, 100 %
2026/10/07 05:53:47.267, 66817 MiB, 100 %
2026/10/07 05:53:49.270, 66817 MiB, 100 %
2026/10/07 05:53:51.272, 66817 MiB, 100 %
2026/10/07 05:53:53.275, 66817 MiB, 100 %
2026/10/07 05:53:55.277, 66817 MiB, 100 %
2026/10/07 05:53:57.279, 66817 MiB, 100 %
2026/10/07 05:53:59.282, 66817 MiB, 100 %
2026/10/07 05:54:01.284, 66817 MiB, 100 %
2026/10/07 05:54:03.287, 66817 MiB, 100 %
2026/10/07 05:54:05.290, 66817 MiB, 100 %
2026/10/07 05:54:07.293, 66817 MiB, 100 %
2026/10/07 05:54:09.295, 66817 MiB, 100 %
2026/10/07 05:54:11.298, 66817 MiB, 100 %
2026/10/07 05:54:13.301, 66817 MiB, 100 %
2026/10/07 05:54:15.302, 66817 MiB, 100 %
2026/10/07 05:54:17.315, 66817 MiB, 100 %
2026/10/07 05:54:19.318, 66817 MiB, 100 %
2026/10/07 05:54:21.320, 66817 MiB, 100 %
2026/10/07 05:54:23.323, 66817 MiB, 100 %
2026/10/07 05:54:25.325, 66817 MiB, 100 %
2026/10/07 05:54:27.326, 66817 MiB, 100 %
2026/10/07 05:54:29.329, 66817 MiB, 100 %
2026/10/07 05:54:31.332, 66817 MiB, 100 %
2026/10/07 05:54:33.335, 66817 MiB, 100 %
2026/10/07 05:54:35.338, 66817 MiB, 100 %
2026/10/07 05:54:37.340, 66817 MiB, 100 %
2026/10/07 05:54:39.343, 66817 MiB, 100 %
2026/10/07 05:54:41.347, 66817 MiB, 100 %
2026/10/07 05:54:43.349, 66817 MiB, 100 %
2026/10/07 05:54:45.352, 66817 MiB, 100 %
2026/10/07 05:54:47.356, 66817 MiB, 100 %
2026/10/07 05:54:49.359, 66817 MiB, 100 %
2026/10/07 05:54:51.361, 66817 MiB, 100 %
2026/10/07 05:54:53.362, 66817 MiB, 100 %
2026/10/07 05:54:55.364, 66817 MiB, 100 %
2026/10/07 05:54:57.366, 66817 MiB, 100 %
2026/10/07 05:54:59.369, 66817 MiB, 100 %
2026/10/07 05:55:01.371, 66817 MiB, 100 %
2026/10/07 05:55:03.372, 66817 MiB, 100 %
2026/10/07 05:55:05.375, 66817 MiB, 100 %
2026/10/07 05:55:07.377, 66817 MiB, 100 %
2026/10/07 05:55:09.380, 66817 MiB, 100 %
2026/10/07 05:55:11.383, 66817 MiB, 90 %
2026/10/07 05:55:13.386, 66817 MiB, 100 %
2026/10/07 05:55:15.389, 66829 MiB, 89 %
2026/10/07 05:55:17.393, 66829 MiB, 100 %
2026/10/07 05:55:19.396, 66829 MiB, 100 %
2026/10/07 05:55:21.399, 66829 MiB, 100 %
2026/10/07 05:55:23.401, 66829 MiB, 97 %
2026/10/07 05:55:25.404, 66829 MiB, 100 %
2026/10/07 05:55:27.407, 66829 MiB, 100 %
2026/10/07 05:55:29.409, 66829 MiB, 97 %
2026/10/07 05:55:31.411, 66829 MiB, 100 %
2026/10/07 05:55:33.414, 66829 MiB, 100 %
2026/10/07 05:55:35.417, 66829 MiB, 88 %
2026/10/07 05:55:37.420, 66829 MiB, 97 %
2026/10/07 05:55:39.422, 66829 MiB, 100 %
2026/10/07 05:55:41.424, 66829 MiB, 100 %
2026/10/07 05:55:43.428, 66829 MiB, 100 %
2026/10/07 05:55:45.430, 66829 MiB, 100 %
2026/10/07 05:55:47.436, 66829 MiB, 97 %
2026/10/07 05:55:49.438, 66829 MiB, 100 %
2026/10/07 05:55:51.441, 66829 MiB, 100 %
2026/10/07 05:55:53.444, 66829 MiB, 100 %
2026/10/07 05:55:55.445, 66829 MiB, 100 %
2026/10/07 05:55:57.448, 66829 MiB, 98 %
2026/10/07 05:55:59.451, 66829 MiB, 100 %
2026/10/07 05:56:01.454, 66829 MiB, 100 %
2026/10/07 05:56:03.456, 66829 MiB, 100 %
2026/10/07 05:56:05.457, 66829 MiB, 100 %
2026/10/07 05:56:07.460, 66829 MiB, 97 %
2026/10/07 05:56:09.463, 66829 MiB, 99 %
2026/10/07 05:56:11.464, 66829 MiB, 100 %
2026/10/07 05:56:13.465, 66829 MiB, 100 %
2026/10/07 05:56:15.467, 66829 MiB, 100 %
2026/10/07 05:56:17.474, 66829 MiB, 100 %
2026/10/07 05:56:19.477, 66829 MiB, 100 %
2026/10/07 05:56:21.480, 66829 MiB, 100 %
2026/10/07 05:56:23.482, 66829 MiB, 100 %
2026/10/07 05:56:25.484, 66829 MiB, 97 %
2026/10/07 05:56:27.487, 66829 MiB, 100 %
2026/10/07 05:56:29.489, 66829 MiB, 97 %
2026/10/07 05:56:31.492, 66829 MiB, 100 %
2026/10/07 05:56:33.494, 66829 MiB, 100 %
2026/10/07 05:56:35.497, 66829 MiB, 100 %
2026/10/07 05:56:37.500, 66829 MiB, 100 %
2026/10/07 05:56:39.503, 66829 MiB, 100 %
2026/10/07 05:56:41.506, 66829 MiB, 100 %
2026/10/07 05:56:43.507, 66829 MiB, 100 %
2026/10/07 05:56:45.509, 66829 MiB, 100 %
2026/10/07 05:56:47.519, 66829 MiB, 100 %
2026/10/07 05:56:49.520, 66829 MiB, 97 %
2026/10/07 05:56:51.522, 66829 MiB, 100 %
2026/10/07 05:56:53.525, 66829 MiB, 100 %
2026/10/07 05:56:55.527, 66829 MiB, 100 %
2026/10/07 05:56:57.530, 66829 MiB, 96 %
2026/10/07 05:56:59.533, 66829 MiB, 100 %
2026/10/07 05:57:01.535, 66829 MiB, 100 %
2026/10/07 05:57:03.538, 66829 MiB, 100 %
2026/10/07 05:57:05.540, 66829 MiB, 100 %
2026/10/07 05:57:07.544, 66829 MiB, 100 %
2026/10/07 05:57:09.547, 66829 MiB, 91 %
2026/10/07 05:57:11.550, 66829 MiB, 100 %
2026/10/07 05:57:13.551, 66829 MiB, 96 %
2026/10/07 05:57:15.554, 66829 MiB, 100 %
2026/10/07 05:57:17.558, 66829 MiB, 100 %
2026/10/07 05:57:19.560, 66829 MiB, 100 %
2026/10/07 05:57:21.563, 66829 MiB, 100 %
2026/10/07 05:57:23.565, 66829 MiB, 100 %
2026/10/07 05:57:25.567, 66829 MiB, 100 %
2026/10/07 05:57:27.569, 66829 MiB, 100 %
2026/10/07 05:57:29.570, 66829 MiB, 100 %
2026/10/07 05:57:31.573, 66829 MiB, 100 %
2026/10/07 05:57:33.574, 66829 MiB, 100 %
2026/10/07 05:57:35.577, 66829 MiB, 100 %
2026/10/07 05:57:37.580, 66829 MiB, 100 %
2026/10/07 05:57:39.582, 66829 MiB, 100 %
2026/10/07 05:57:41.585, 66829 MiB, 100 %
2026/10/07 05:57:43.586, 66829 MiB, 100 %
2026/10/07 05:57:45.588, 66829 MiB, 89 %
2026/10/07 05:57:47.589, 66829 MiB, 100 %
2026/10/07 05:57:49.591, 66829 MiB, 100 %
2026/10/07 05:57:51.593, 66829 MiB, 95 %
2026/10/07 05:57:53.596, 66829 MiB, 0 %
2026/10/07 05:57:55.597, 66829 MiB, 22 %
2026/10/07 05:57:57.600, 66829 MiB, 100 %
2026/10/07 05:57:59.602, 66829 MiB, 99 %
2026/10/07 05:58:01.605, 66829 MiB, 100 %
2026/10/07 05:58:03.607, 66829 MiB, 100 %
2026/10/07 05:58:05.610, 66829 MiB, 93 %
2026/10/07 05:58:07.613, 66829 MiB, 100 %
2026/10/07 05:58:09.616, 66829 MiB, 100 %
2026/10/07 05:58:11.617, 66829 MiB, 100 %
2026/10/07 05:58:13.620, 66829 MiB, 100 %
2026/10/07 05:58:15.622, 66829 MiB, 100 %
2026/10/07 05:58:17.626, 66829 MiB, 100 %
2026/10/07 05:58:19.627, 66829 MiB, 100 %
2026/10/07 05:58:21.629, 66829 MiB, 0 %
2026/10/07 05:58:23.631, 66829 MiB, 100 %
2026/10/07 05:58:25.633, 66829 MiB, 100 %
2026/10/07 05:58:27.635, 66829 MiB, 100 %
2026/10/07 05:58:29.637, 66829 MiB, 84 %
2026/10/07 05:58:31.639, 66829 MiB, 99 %
2026/10/07 05:58:33.643, 66829 MiB, 100 %
2026/10/07 05:58:35.645, 66829 MiB, 100 %
2026/10/07 05:58:37.648, 66829 MiB, 100 %
2026/10/07 05:58:39.651, 66829 MiB, 99 %
2026/10/07 05:58:41.653, 66829 MiB, 100 %
2026/10/07 05:58:43.656, 66829 MiB, 100 %
2026/10/07 05:58:45.658, 66829 MiB, 100 %
2026/10/07 05:58:47.663, 66829 MiB, 100 %
2026/10/07 05:58:49.666, 66829 MiB, 24 %
2026/10/07 05:58:51.668, 66829 MiB, 100 %
2026/10/07 05:58:53.671, 66829 MiB, 100 %
2026/10/07 05:58:55.671, 66829 MiB, 100 %
2026/10/07 05:58:57.673, 66829 MiB, 100 %
2026/10/07 05:58:59.675, 66829 MiB, 100 %
2026/10/07 05:59:01.677, 66829 MiB, 100 %
2026/10/07 05:59:03.680, 66829 MiB, 100 %
2026/10/07 05:59:05.682, 66829 MiB, 100 %
2026/10/07 05:59:07.685, 66829 MiB, 95 %
2026/10/07 05:59:09.686, 66829 MiB, 100 %
2026/10/07 05:59:11.689, 66829 MiB, 100 %
2026/10/07 05:59:13.691, 66829 MiB, 100 %
2026/10/07 05:59:15.692, 66829 MiB, 100 %
2026/10/07 05:59:17.693, 66829 MiB, 0 %
2026/10/07 05:59:19.694, 66829 MiB, 84 %
2026/10/07 05:59:21.697, 66829 MiB, 100 %
2026/10/07 05:59:23.700, 66829 MiB, 100 %
2026/10/07 05:59:25.702, 66829 MiB, 100 %
2026/10/07 05:59:27.704, 66829 MiB, 100 %
2026/10/07 05:59:29.707, 66829 MiB, 100 %
2026/10/07 05:59:31.710, 66829 MiB, 100 %
2026/10/07 05:59:33.712, 66829 MiB, 100 %
2026/10/07 05:59:35.714, 66829 MiB, 100 %
2026/10/07 05:59:37.716, 66829 MiB, 100 %
2026/10/07 05:59:39.718, 66829 MiB, 100 %
2026/10/07 05:59:41.721, 66829 MiB, 100 %
2026/10/07 05:59:43.723, 66829 MiB, 100 %
2026/10/07 05:59:45.725, 66829 MiB, 100 %
2026/10/07 05:59:47.728, 66829 MiB, 100 %
2026/10/07 05:59:49.731, 66829 MiB, 100 %
2026/10/07 05:59:51.733, 66829 MiB, 100 %
2026/10/07 05:59:53.736, 66829 MiB, 100 %
2026/10/07 05:59:55.738, 66829 MiB, 100 %
2026/10/07 05:59:57.741, 66829 MiB, 100 %
2026/10/07 05:59:59.744, 66829 MiB, 100 %
2026/10/07 06:00:01.747, 66829 MiB, 100 %
2026/10/07 06:00:03.748, 66829 MiB, 100 %
2026/10/07 06:00:05.751, 66829 MiB, 100 %
2026/10/07 06:00:07.761, 67357 MiB, 100 %
2026/10/07 06:00:09.764, 67357 MiB, 100 %
2026/10/07 06:00:11.768, 66829 MiB, 100 %
2026/10/07 06:00:13.769, 66829 MiB, 100 %
2026/10/07 06:00:15.770, 66829 MiB, 100 %
2026/10/07 06:00:17.777, 66829 MiB, 100 %
2026/10/07 06:00:19.778, 66829 MiB, 100 %
2026/10/07 06:00:21.780, 66829 MiB, 100 %
2026/10/07 06:00:23.781, 66829 MiB, 100 %
2026/10/07 06:00:25.784, 66829 MiB, 100 %
2026/10/07 06:00:27.786, 66829 MiB, 100 %
2026/10/07 06:00:29.788, 66829 MiB, 100 %
2026/10/07 06:00:31.789, 66829 MiB, 100 %
2026/10/07 06:00:33.790, 66829 MiB, 100 %
2026/10/07 06:00:35.793, 66829 MiB, 100 %
2026/10/07 06:00:37.793, 66829 MiB, 100 %
2026/10/07 06:00:39.796, 66829 MiB, 100 %
2026/10/07 06:00:41.799, 66829 MiB, 100 %
2026/10/07 06:00:43.802, 66829 MiB, 100 %
2026/10/07 06:00:45.804, 66829 MiB, 100 %
2026/10/07 06:00:47.820, 66829 MiB, 100 %
2026/10/07 06:00:49.822, 66829 MiB, 100 %
2026/10/07 06:00:51.825, 66829 MiB, 100 %
2026/10/07 06:00:53.828, 66829 MiB, 100 %
2026/10/07 06:00:55.831, 66829 MiB, 100 %
2026/10/07 06:00:57.833, 66829 MiB, 100 %
2026/10/07 06:00:59.836, 66829 MiB, 100 %
2026/10/07 06:01:01.840, 66829 MiB, 100 %
2026/10/07 06:01:03.843, 66829 MiB, 100 %
2026/10/07 06:01:05.844, 66829 MiB, 100 %
2026/10/07 06:01:07.846, 66829 MiB, 100 %
2026/10/07 06:01:09.849, 66829 MiB, 100 %
2026/10/07 06:01:11.851, 66829 MiB, 100 %
2026/10/07 06:01:13.854, 66829 MiB, 100 %
2026/10/07 06:01:15.856, 66829 MiB, 100 %
2026/10/07 06:01:17.859, 66829 MiB, 100 %
2026/10/07 06:01:19.862, 66829 MiB, 100 %
2026/10/07 06:01:21.864, 66829 MiB, 100 %
2026/10/07 06:01:23.867, 66829 MiB, 100 %
2026/10/07 06:01:25.870, 66829 MiB, 100 %
2026/10/07 06:01:27.872, 66829 MiB, 100 %
2026/10/07 06:01:29.875, 66829 MiB, 100 %
2026/10/07 06:01:31.877, 66829 MiB, 100 %
2026/10/07 06:01:33.880, 66829 MiB, 100 %
2026/10/07 06:01:35.882, 66829 MiB, 100 %
2026/10/07 06:01:37.884, 66829 MiB, 100 %
2026/10/07 06:01:39.887, 66829 MiB, 100 %
2026/10/07 06:01:41.889, 66829 MiB, 100 %
2026/10/07 06:01:43.892, 66829 MiB, 100 %
2026/10/07 06:01:45.895, 66829 MiB, 100 %
2026/10/07 06:01:47.902, 66829 MiB, 100 %
2026/10/07 06:01:49.904, 66829 MiB, 100 %
2026/10/07 06:01:51.907, 66829 MiB, 100 %
2026/10/07 06:01:53.909, 66829 MiB, 100 %
2026/10/07 06:01:55.911, 66829 MiB, 100 %
2026/10/07 06:01:57.912, 66829 MiB, 100 %
2026/10/07 06:01:59.913, 66829 MiB, 100 %
2026/10/07 06:02:01.915, 66829 MiB, 24 %
2026/10/07 06:02:03.917, 66829 MiB, 100 %
2026/10/07 06:02:05.920, 66829 MiB, 100 %
2026/10/07 06:02:07.921, 66829 MiB, 100 %
2026/10/07 06:02:09.924, 66829 MiB, 67 %
2026/10/07 06:02:11.926, 66829 MiB, 100 %
2026/10/07 06:02:13.929, 66829 MiB, 100 %
2026/10/07 06:02:15.931, 66829 MiB, 100 %
2026/10/07 06:02:17.981, 66829 MiB, 100 %
2026/10/07 06:02:19.984, 66829 MiB, 100 %
2026/10/07 06:02:21.986, 66829 MiB, 100 %
2026/10/07 06:02:23.989, 66829 MiB, 100 %
2026/10/07 06:02:25.991, 66829 MiB, 100 %
2026/10/07 06:02:27.993, 66829 MiB, 100 %
2026/10/07 06:02:29.996, 66829 MiB, 100 %
2026/10/07 06:02:31.999, 66829 MiB, 98 %
2026/10/07 06:02:34.002, 66829 MiB, 100 %
2026/10/07 06:02:36.004, 66829 MiB, 100 %
2026/10/07 06:02:38.007, 66829 MiB, 100 %
2026/10/07 06:02:40.010, 66829 MiB, 100 %
2026/10/07 06:02:42.013, 66829 MiB, 100 %
2026/10/07 06:02:44.016, 66829 MiB, 100 %
2026/10/07 06:02:46.018, 66829 MiB, 100 %
2026/10/07 06:02:48.021, 66829 MiB, 100 %
2026/10/07 06:02:50.023, 66829 MiB, 100 %
2026/10/07 06:02:52.026, 66829 MiB, 100 %
2026/10/07 06:02:54.029, 66829 MiB, 100 %
2026/10/07 06:02:56.032, 66829 MiB, 100 %
2026/10/07 06:02:58.035, 66829 MiB, 100 %
2026/10/07 06:03:00.038, 66829 MiB, 100 %
2026/10/07 06:03:02.041, 66829 MiB, 97 %
2026/10/07 06:03:04.043, 66829 MiB, 89 %
2026/10/07 06:03:06.046, 66829 MiB, 100 %
2026/10/07 06:03:08.049, 66829 MiB, 100 %
2026/10/07 06:03:10.051, 66829 MiB, 100 %
2026/10/07 06:03:12.054, 66829 MiB, 100 %
2026/10/07 06:03:14.055, 66829 MiB, 100 %
2026/10/07 06:03:16.057, 66829 MiB, 100 %
2026/10/07 06:03:18.062, 66829 MiB, 93 %
2026/10/07 06:03:20.063, 66829 MiB, 100 %
2026/10/07 06:03:22.066, 66829 MiB, 100 %
2026/10/07 06:03:24.068, 66829 MiB, 95 %
2026/10/07 06:03:26.070, 66829 MiB, 100 %
2026/10/07 06:03:28.072, 66829 MiB, 100 %
2026/10/07 06:03:30.075, 66829 MiB, 100 %
2026/10/07 06:03:32.077, 66829 MiB, 100 %
2026/10/07 06:03:34.079, 66829 MiB, 100 %
2026/10/07 06:03:36.081, 66829 MiB, 100 %
2026/10/07 06:03:38.083, 66829 MiB, 100 %
2026/10/07 06:03:40.085, 66829 MiB, 100 %
2026/10/07 06:03:42.088, 66829 MiB, 100 %
2026/10/07 06:03:44.091, 66829 MiB, 100 %
2026/10/07 06:03:46.094, 66829 MiB, 100 %
2026/10/07 06:03:48.096, 66829 MiB, 100 %
2026/10/07 06:03:50.097, 66829 MiB, 100 %
2026/10/07 06:03:52.100, 66829 MiB, 100 %
2026/10/07 06:03:54.102, 66829 MiB, 100 %
2026/10/07 06:03:56.104, 66829 MiB, 96 %
2026/10/07 06:03:58.107, 66829 MiB, 100 %
2026/10/07 06:04:00.109, 66829 MiB, 100 %
2026/10/07 06:04:02.112, 66829 MiB, 100 %
2026/10/07 06:04:04.113, 66829 MiB, 100 %
2026/10/07 06:04:06.115, 66829 MiB, 100 %
2026/10/07 06:04:08.117, 66829 MiB, 100 %
2026/10/07 06:04:10.120, 66829 MiB, 100 %
2026/10/07 06:04:12.122, 66829 MiB, 100 %
2026/10/07 06:04:14.125, 66829 MiB, 100 %
2026/10/07 06:04:16.127, 66829 MiB, 100 %
2026/10/07 06:04:18.139, 66829 MiB, 100 %
2026/10/07 06:04:20.141, 66829 MiB, 100 %
2026/10/07 06:04:22.144, 66829 MiB, 100 %
2026/10/07 06:04:24.147, 66829 MiB, 100 %
2026/10/07 06:04:26.149, 66829 MiB, 100 %
2026/10/07 06:04:28.152, 66829 MiB, 100 %
2026/10/07 06:04:30.154, 66829 MiB, 100 %
2026/10/07 06:04:32.159, 66829 MiB, 100 %
2026/10/07 06:04:34.160, 66829 MiB, 100 %
2026/10/07 06:04:36.163, 66829 MiB, 100 %
2026/10/07 06:04:38.166, 66829 MiB, 100 %
2026/10/07 06:04:40.167, 66829 MiB, 36 %
2026/10/07 06:04:42.168, 66829 MiB, 100 %
2026/10/07 06:04:44.170, 66829 MiB, 0 %
2026/10/07 06:04:46.173, 66829 MiB, 100 %
2026/10/07 06:04:48.176, 66829 MiB, 100 %
2026/10/07 06:04:50.179, 66829 MiB, 100 %
2026/10/07 06:04:52.182, 66829 MiB, 100 %
2026/10/07 06:04:54.184, 66829 MiB, 0 %
2026/10/07 06:04:56.187, 66829 MiB, 100 %
2026/10/07 06:04:58.189, 66829 MiB, 100 %
2026/10/07 06:05:00.192, 66829 MiB, 100 %
2026/10/07 06:05:02.194, 66829 MiB, 100 %
2026/10/07 06:05:04.197, 66829 MiB, 100 %
2026/10/07 06:05:06.199, 66829 MiB, 100 %
2026/10/07 06:05:08.202, 66829 MiB, 99 %
2026/10/07 06:05:10.205, 66829 MiB, 100 %
2026/10/07 06:05:12.208, 66829 MiB, 100 %
2026/10/07 06:05:14.211, 66829 MiB, 100 %
2026/10/07 06:05:16.214, 66829 MiB, 100 %
2026/10/07 06:05:18.220, 66829 MiB, 2 %
2026/10/07 06:05:20.223, 66829 MiB, 100 %
2026/10/07 06:05:22.226, 66829 MiB, 100 %
2026/10/07 06:05:24.229, 66829 MiB, 60 %
2026/10/07 06:05:26.231, 66829 MiB, 100 %
2026/10/07 06:05:28.233, 66829 MiB, 100 %
2026/10/07 06:05:30.236, 66829 MiB, 100 %
2026/10/07 06:05:32.238, 66829 MiB, 100 %
2026/10/07 06:05:34.239, 66829 MiB, 100 %
2026/10/07 06:05:36.240, 66829 MiB, 100 %
2026/10/07 06:05:38.243, 66829 MiB, 100 %
2026/10/07 06:05:40.246, 66829 MiB, 100 %
2026/10/07 06:05:42.248, 66829 MiB, 100 %
2026/10/07 06:05:44.249, 66829 MiB, 97 %
2026/10/07 06:05:46.252, 66829 MiB, 100 %
2026/10/07 06:05:48.253, 66829 MiB, 100 %
2026/10/07 06:05:50.255, 66829 MiB, 94 %
2026/10/07 06:05:52.256, 66829 MiB, 100 %
2026/10/07 06:05:54.259, 66829 MiB, 100 %
2026/10/07 06:05:56.261, 66829 MiB, 100 %
2026/10/07 06:05:58.264, 66829 MiB, 100 %
2026/10/07 06:06:00.265, 66829 MiB, 35 %
2026/10/07 06:06:02.267, 66829 MiB, 100 %
2026/10/07 06:06:04.270, 66829 MiB, 100 %
2026/10/07 06:06:06.273, 66829 MiB, 100 %
2026/10/07 06:06:08.275, 66829 MiB, 64 %
2026/10/07 06:06:10.278, 66829 MiB, 99 %
2026/10/07 06:06:12.279, 66829 MiB, 100 %
2026/10/07 06:06:14.282, 66829 MiB, 100 %
2026/10/07 06:06:16.284, 66829 MiB, 100 %
2026/10/07 06:06:18.292, 66829 MiB, 100 %
2026/10/07 06:06:20.294, 66829 MiB, 100 %
2026/10/07 06:06:22.297, 66829 MiB, 100 %
2026/10/07 06:06:24.299, 66829 MiB, 100 %
2026/10/07 06:06:26.301, 66829 MiB, 80 %
2026/10/07 06:06:28.304, 66829 MiB, 0 %
2026/10/07 06:06:30.305, 66829 MiB, 100 %
2026/10/07 06:06:32.307, 66829 MiB, 100 %
2026/10/07 06:06:34.310, 66829 MiB, 100 %
2026/10/07 06:06:36.313, 66829 MiB, 100 %
2026/10/07 06:06:38.316, 66829 MiB, 100 %
2026/10/07 06:06:40.318, 66829 MiB, 100 %
2026/10/07 06:06:42.320, 66829 MiB, 100 %
2026/10/07 06:06:44.323, 66829 MiB, 100 %
2026/10/07 06:06:46.325, 66829 MiB, 100 %
2026/10/07 06:06:48.334, 66829 MiB, 100 %
2026/10/07 06:06:50.335, 66829 MiB, 100 %
2026/10/07 06:06:52.337, 66829 MiB, 100 %
2026/10/07 06:06:54.340, 66829 MiB, 100 %
2026/10/07 06:06:56.342, 66829 MiB, 100 %
2026/10/07 06:06:58.344, 66829 MiB, 100 %
2026/10/07 06:07:00.346, 66829 MiB, 100 %
2026/10/07 06:07:02.349, 66829 MiB, 100 %
2026/10/07 06:07:04.351, 66829 MiB, 100 %
2026/10/07 06:07:06.353, 66829 MiB, 100 %
2026/10/07 06:07:08.355, 66829 MiB, 100 %
2026/10/07 06:07:10.357, 66829 MiB, 100 %
2026/10/07 06:07:12.359, 66829 MiB, 100 %
2026/10/07 06:07:14.362, 66829 MiB, 100 %
2026/10/07 06:07:16.363, 66829 MiB, 100 %
2026/10/07 06:07:18.365, 66829 MiB, 100 %
2026/10/07 06:07:20.368, 66829 MiB, 100 %
2026/10/07 06:07:22.371, 66829 MiB, 100 %
2026/10/07 06:07:24.374, 66829 MiB, 100 %
2026/10/07 06:07:26.376, 66829 MiB, 100 %
2026/10/07 06:07:28.379, 66829 MiB, 100 %
2026/10/07 06:07:30.381, 66829 MiB, 100 %
2026/10/07 06:07:32.383, 66829 MiB, 100 %
2026/10/07 06:07:34.385, 66829 MiB, 100 %
2026/10/07 06:07:36.387, 66829 MiB, 100 %
2026/10/07 06:07:38.390, 66829 MiB, 100 %
2026/10/07 06:07:40.391, 66829 MiB, 100 %
2026/10/07 06:07:42.394, 66829 MiB, 100 %
2026/10/07 06:07:44.395, 66829 MiB, 100 %
2026/10/07 06:07:46.398, 66829 MiB, 100 %
2026/10/07 06:07:48.406, 66829 MiB, 100 %
2026/10/07 06:07:50.409, 66829 MiB, 100 %
2026/10/07 06:07:52.412, 66829 MiB, 100 %
2026/10/07 06:07:54.414, 66829 MiB, 100 %
2026/10/07 06:07:56.417, 66829 MiB, 100 %
2026/10/07 06:07:58.420, 66829 MiB, 100 %
2026/10/07 06:08:00.422, 66829 MiB, 100 %
2026/10/07 06:08:02.424, 66829 MiB, 100 %
2026/10/07 06:08:04.426, 66829 MiB, 100 %
2026/10/07 06:08:06.428, 66829 MiB, 100 %
2026/10/07 06:08:08.431, 66829 MiB, 100 %
2026/10/07 06:08:10.434, 66829 MiB, 100 %
2026/10/07 06:08:12.436, 66829 MiB, 100 %
2026/10/07 06:08:14.438, 66829 MiB, 100 %
2026/10/07 06:08:16.440, 66829 MiB, 100 %
2026/10/07 06:08:18.447, 66829 MiB, 100 %
2026/10/07 06:08:20.450, 66829 MiB, 100 %
2026/10/07 06:08:22.452, 66829 MiB, 100 %
2026/10/07 06:08:24.455, 66829 MiB, 100 %
2026/10/07 06:08:26.457, 66829 MiB, 100 %
2026/10/07 06:08:28.460, 66829 MiB, 100 %
2026/10/07 06:08:30.462, 66829 MiB, 100 %
2026/10/07 06:08:32.465, 66829 MiB, 100 %
2026/10/07 06:08:34.466, 66829 MiB, 100 %
2026/10/07 06:08:36.468, 66829 MiB, 100 %
2026/10/07 06:08:38.470, 66829 MiB, 100 %
2026/10/07 06:08:40.472, 66829 MiB, 100 %
2026/10/07 06:08:42.474, 66829 MiB, 100 %
2026/10/07 06:08:44.477, 66829 MiB, 100 %
2026/10/07 06:08:46.480, 66829 MiB, 100 %
2026/10/07 06:08:48.491, 66829 MiB, 100 %
2026/10/07 06:08:50.492, 66829 MiB, 100 %
2026/10/07 06:08:52.494, 66829 MiB, 100 %
2026/10/07 06:08:54.496, 66829 MiB, 100 %
2026/10/07 06:08:56.498, 66829 MiB, 100 %
2026/10/07 06:08:58.501, 66829 MiB, 100 %
2026/10/07 06:09:00.504, 66829 MiB, 100 %
2026/10/07 06:09:02.507, 66829 MiB, 100 %
2026/10/07 06:09:04.510, 66829 MiB, 100 %
2026/10/07 06:09:06.513, 66829 MiB, 100 %
2026/10/07 06:09:08.514, 66829 MiB, 100 %
2026/10/07 06:09:10.516, 66829 MiB, 100 %
2026/10/07 06:09:12.518, 66829 MiB, 100 %
2026/10/07 06:09:14.520, 66829 MiB, 100 %
2026/10/07 06:09:16.523, 66829 MiB, 100 %
2026/10/07 06:09:18.531, 66829 MiB, 100 %
2026/10/07 06:09:20.533, 66829 MiB, 100 %
2026/10/07 06:09:22.536, 66829 MiB, 100 %
2026/10/07 06:09:24.537, 66829 MiB, 100 %
2026/10/07 06:09:26.540, 66829 MiB, 100 %
2026/10/07 06:09:28.543, 66829 MiB, 100 %
2026/10/07 06:09:30.545, 66829 MiB, 100 %
2026/10/07 06:09:32.548, 66829 MiB, 100 %
2026/10/07 06:09:34.551, 66829 MiB, 100 %
2026/10/07 06:09:36.552, 66829 MiB, 100 %
2026/10/07 06:09:38.554, 66829 MiB, 100 %
2026/10/07 06:09:40.556, 66829 MiB, 100 %
2026/10/07 06:09:42.559, 66829 MiB, 68 %
2026/10/07 06:09:44.561, 66829 MiB, 100 %
2026/10/07 06:09:46.562, 66829 MiB, 100 %
2026/10/07 06:09:48.570, 66829 MiB, 100 %
2026/10/07 06:09:50.572, 66829 MiB, 100 %
2026/10/07 06:09:52.575, 66829 MiB, 100 %
2026/10/07 06:09:54.578, 66829 MiB, 100 %
2026/10/07 06:09:56.581, 66829 MiB, 100 %
2026/10/07 06:09:58.584, 66829 MiB, 100 %
2026/10/07 06:10:00.587, 66829 MiB, 100 %
2026/10/07 06:10:02.589, 66829 MiB, 100 %
2026/10/07 06:10:04.591, 66829 MiB, 100 %
2026/10/07 06:10:06.593, 66829 MiB, 100 %
2026/10/07 06:10:08.596, 66829 MiB, 100 %
2026/10/07 06:10:10.598, 66829 MiB, 100 %
2026/10/07 06:10:12.600, 66829 MiB, 100 %
2026/10/07 06:10:14.602, 66829 MiB, 100 %
2026/10/07 06:10:16.605, 66829 MiB, 100 %
2026/10/07 06:10:18.621, 66829 MiB, 100 %
2026/10/07 06:10:20.623, 66829 MiB, 97 %
2026/10/07 06:10:22.626, 66829 MiB, 91 %
2026/10/07 06:10:24.629, 66829 MiB, 100 %
2026/10/07 06:10:26.632, 66829 MiB, 100 %
2026/10/07 06:10:28.635, 66829 MiB, 100 %
2026/10/07 06:10:30.638, 66829 MiB, 100 %
2026/10/07 06:10:32.640, 66829 MiB, 91 %
2026/10/07 06:10:34.643, 66829 MiB, 100 %
2026/10/07 06:10:36.646, 66829 MiB, 100 %
2026/10/07 06:10:38.649, 66829 MiB, 100 %
2026/10/07 06:10:40.651, 66829 MiB, 100 %
2026/10/07 06:10:42.653, 66829 MiB, 100 %
2026/10/07 06:10:44.654, 66829 MiB, 100 %
2026/10/07 06:10:46.655, 66829 MiB, 100 %
2026/10/07 06:10:48.664, 66829 MiB, 100 %
2026/10/07 06:10:50.667, 66829 MiB, 100 %
2026/10/07 06:10:52.670, 66829 MiB, 100 %
2026/10/07 06:10:54.671, 66829 MiB, 100 %
2026/10/07 06:10:56.674, 66829 MiB, 100 %
2026/10/07 06:10:58.677, 66829 MiB, 100 %
2026/10/07 06:11:00.680, 66829 MiB, 100 %
2026/10/07 06:11:02.683, 66829 MiB, 100 %
2026/10/07 06:11:04.686, 66829 MiB, 100 %
2026/10/07 06:11:06.689, 66829 MiB, 97 %
2026/10/07 06:11:08.692, 66829 MiB, 100 %
2026/10/07 06:11:10.694, 66829 MiB, 97 %
2026/10/07 06:11:12.697, 66829 MiB, 96 %
2026/10/07 06:11:14.699, 66829 MiB, 100 %
2026/10/07 06:11:16.702, 66829 MiB, 100 %
2026/10/07 06:11:18.721, 66829 MiB, 100 %
2026/10/07 06:11:20.724, 66829 MiB, 100 %
2026/10/07 06:11:22.726, 66829 MiB, 100 %
2026/10/07 06:11:24.729, 66829 MiB, 100 %
2026/10/07 06:11:26.731, 66829 MiB, 100 %
2026/10/07 06:11:28.734, 66829 MiB, 100 %
2026/10/07 06:11:30.737, 66829 MiB, 100 %
2026/10/07 06:11:32.738, 66829 MiB, 97 %
2026/10/07 06:11:34.741, 66829 MiB, 100 %
2026/10/07 06:11:36.743, 66829 MiB, 100 %
2026/10/07 06:11:38.746, 66829 MiB, 100 %
2026/10/07 06:11:40.748, 66829 MiB, 100 %
2026/10/07 06:11:42.750, 66829 MiB, 100 %
2026/10/07 06:11:44.753, 66829 MiB, 93 %
2026/10/07 06:11:46.755, 66829 MiB, 100 %
2026/10/07 06:11:48.761, 66829 MiB, 100 %
2026/10/07 06:11:50.765, 66829 MiB, 100 %
2026/10/07 06:11:52.767, 66829 MiB, 92 %
2026/10/07 06:11:54.770, 66829 MiB, 100 %
2026/10/07 06:11:56.773, 66829 MiB, 97 %
2026/10/07 06:11:58.776, 66829 MiB, 97 %
2026/10/07 06:12:00.779, 66829 MiB, 100 %
2026/10/07 06:12:02.782, 66829 MiB, 100 %
2026/10/07 06:12:04.785, 66829 MiB, 100 %
2026/10/07 06:12:06.787, 66829 MiB, 100 %
2026/10/07 06:12:08.788, 66829 MiB, 100 %
2026/10/07 06:12:10.790, 66829 MiB, 100 %
2026/10/07 06:12:12.792, 66829 MiB, 100 %
2026/10/07 06:12:14.793, 66829 MiB, 100 %
2026/10/07 06:12:16.794, 66829 MiB, 100 %
2026/10/07 06:12:18.800, 66829 MiB, 100 %
2026/10/07 06:12:20.802, 66829 MiB, 100 %
2026/10/07 06:12:22.805, 66829 MiB, 96 %
2026/10/07 06:12:24.807, 66829 MiB, 100 %
2026/10/07 06:12:26.810, 66829 MiB, 91 %
2026/10/07 06:12:28.812, 66829 MiB, 91 %
2026/10/07 06:12:30.816, 66829 MiB, 100 %
2026/10/07 06:12:32.819, 66829 MiB, 91 %
2026/10/07 06:12:34.821, 66829 MiB, 100 %
2026/10/07 06:12:36.824, 66829 MiB, 100 %
2026/10/07 06:12:38.827, 66829 MiB, 100 %
2026/10/07 06:12:40.829, 66829 MiB, 100 %
2026/10/07 06:12:42.831, 66829 MiB, 100 %
2026/10/07 06:12:44.833, 66829 MiB, 100 %
2026/10/07 06:12:46.836, 66829 MiB, 100 %
2026/10/07 06:12:48.845, 66829 MiB, 100 %
2026/10/07 06:12:50.848, 66829 MiB, 100 %
2026/10/07 06:12:52.850, 66829 MiB, 100 %
2026/10/07 06:12:54.852, 66829 MiB, 4 %
2026/10/07 06:12:56.854, 66829 MiB, 100 %
2026/10/07 06:12:58.856, 66829 MiB, 100 %
2026/10/07 06:13:00.859, 66829 MiB, 32 %
2026/10/07 06:13:02.861, 66829 MiB, 98 %
2026/10/07 06:13:04.862, 66829 MiB, 100 %
2026/10/07 06:13:06.864, 66829 MiB, 100 %
2026/10/07 06:13:08.866, 66829 MiB, 88 %
2026/10/07 06:13:10.869, 66829 MiB, 100 %
2026/10/07 06:13:12.872, 66829 MiB, 100 %
2026/10/07 06:13:14.875, 66829 MiB, 99 %
2026/10/07 06:13:16.877, 66829 MiB, 100 %
2026/10/07 06:13:18.883, 66829 MiB, 100 %
2026/10/07 06:13:20.885, 66829 MiB, 84 %
2026/10/07 06:13:22.888, 66829 MiB, 46 %
2026/10/07 06:13:24.890, 66829 MiB, 100 %
2026/10/07 06:13:26.893, 66829 MiB, 78 %
2026/10/07 06:13:28.896, 66829 MiB, 100 %
2026/10/07 06:13:30.898, 66829 MiB, 100 %
2026/10/07 06:13:32.901, 66829 MiB, 100 %
2026/10/07 06:13:34.904, 66829 MiB, 100 %
2026/10/07 06:13:36.907, 66829 MiB, 97 %
2026/10/07 06:13:38.909, 66829 MiB, 100 %
2026/10/07 06:13:40.912, 66829 MiB, 100 %
2026/10/07 06:13:42.913, 66829 MiB, 100 %
2026/10/07 06:13:44.916, 66829 MiB, 100 %
2026/10/07 06:13:46.919, 66829 MiB, 100 %
2026/10/07 06:13:48.931, 66829 MiB, 100 %
2026/10/07 06:13:50.933, 66829 MiB, 100 %
2026/10/07 06:13:52.935, 66829 MiB, 100 %
2026/10/07 06:13:54.937, 66829 MiB, 0 %
2026/10/07 06:13:56.939, 66829 MiB, 100 %
2026/10/07 06:13:58.942, 66829 MiB, 100 %
2026/10/07 06:14:00.944, 66829 MiB, 100 %
2026/10/07 06:14:02.946, 66829 MiB, 100 %
2026/10/07 06:14:04.949, 66829 MiB, 100 %
2026/10/07 06:14:06.952, 66829 MiB, 100 %
2026/10/07 06:14:08.954, 66829 MiB, 100 %
2026/10/07 06:14:10.955, 66829 MiB, 100 %
2026/10/07 06:14:12.958, 66829 MiB, 100 %
2026/10/07 06:14:14.961, 66829 MiB, 100 %
2026/10/07 06:14:16.963, 66829 MiB, 100 %
2026/10/07 06:14:18.969, 66829 MiB, 100 %
2026/10/07 06:14:20.970, 66829 MiB, 100 %
2026/10/07 06:14:22.973, 66829 MiB, 100 %
2026/10/07 06:14:24.976, 66829 MiB, 100 %
2026/10/07 06:14:26.979, 66829 MiB, 0 %
2026/10/07 06:14:28.982, 66829 MiB, 100 %
2026/10/07 06:14:30.985, 66829 MiB, 100 %
2026/10/07 06:14:32.987, 66829 MiB, 100 %
2026/10/07 06:14:34.990, 66829 MiB, 100 %
2026/10/07 06:14:36.993, 66829 MiB, 100 %
2026/10/07 06:14:38.995, 66829 MiB, 100 %
2026/10/07 06:14:40.997, 66829 MiB, 100 %
2026/10/07 06:14:43.000, 66829 MiB, 100 %
2026/10/07 06:14:45.002, 66829 MiB, 100 %
2026/10/07 06:14:47.005, 66829 MiB, 100 %
2026/10/07 06:14:49.022, 66829 MiB, 100 %
2026/10/07 06:14:51.025, 66829 MiB, 100 %
2026/10/07 06:14:53.026, 66829 MiB, 100 %
2026/10/07 06:14:55.029, 66829 MiB, 100 %
2026/10/07 06:14:57.030, 66829 MiB, 100 %
2026/10/07 06:14:59.033, 66829 MiB, 100 %
2026/10/07 06:15:01.035, 66829 MiB, 100 %
2026/10/07 06:15:03.038, 66829 MiB, 100 %
2026/10/07 06:15:05.041, 66829 MiB, 100 %
2026/10/07 06:15:07.055, 67357 MiB, 100 %
2026/10/07 06:15:09.057, 66829 MiB, 100 %
2026/10/07 06:15:11.060, 66829 MiB, 100 %
2026/10/07 06:15:13.063, 66829 MiB, 100 %
2026/10/07 06:15:15.063, 66829 MiB, 100 %
2026/10/07 06:15:17.066, 66829 MiB, 100 %
2026/10/07 06:15:19.067, 66829 MiB, 100 %
2026/10/07 06:15:21.068, 66829 MiB, 100 %
2026/10/07 06:15:23.070, 66829 MiB, 100 %
2026/10/07 06:15:25.072, 66829 MiB, 100 %
2026/10/07 06:15:27.075, 66829 MiB, 100 %
2026/10/07 06:15:29.077, 66829 MiB, 100 %
2026/10/07 06:15:31.080, 66829 MiB, 100 %
2026/10/07 06:15:33.083, 66829 MiB, 100 %
2026/10/07 06:15:35.086, 66829 MiB, 100 %
2026/10/07 06:15:37.088, 66829 MiB, 100 %
2026/10/07 06:15:39.091, 66829 MiB, 100 %
2026/10/07 06:15:41.094, 66829 MiB, 100 %
2026/10/07 06:15:43.097, 66829 MiB, 100 %
2026/10/07 06:15:45.099, 66829 MiB, 100 %
2026/10/07 06:15:47.102, 66829 MiB, 100 %
2026/10/07 06:15:49.121, 66829 MiB, 100 %
2026/10/07 06:15:51.123, 66829 MiB, 100 %
2026/10/07 06:15:53.124, 66829 MiB, 100 %
2026/10/07 06:15:55.125, 66829 MiB, 100 %
2026/10/07 06:15:57.126, 66829 MiB, 100 %
2026/10/07 06:15:59.127, 66829 MiB, 100 %
2026/10/07 06:16:01.128, 66829 MiB, 100 %
2026/10/07 06:16:03.129, 66829 MiB, 100 %
2026/10/07 06:16:05.130, 66829 MiB, 100 %
2026/10/07 06:16:07.131, 66829 MiB, 100 %
2026/10/07 06:16:09.132, 66829 MiB, 100 %
2026/10/07 06:16:11.134, 66829 MiB, 100 %
2026/10/07 06:16:13.135, 66829 MiB, 100 %
2026/10/07 06:16:15.136, 66829 MiB, 100 %
2026/10/07 06:16:17.138, 66829 MiB, 100 %
2026/10/07 06:16:19.141, 66829 MiB, 100 %
2026/10/07 06:16:21.144, 66829 MiB, 100 %
2026/10/07 06:16:23.147, 66829 MiB, 100 %
2026/10/07 06:16:25.150, 66829 MiB, 100 %
2026/10/07 06:16:27.152, 66829 MiB, 100 %
2026/10/07 06:16:29.154, 66829 MiB, 100 %
2026/10/07 06:16:31.157, 66829 MiB, 100 %
2026/10/07 06:16:33.160, 66829 MiB, 100 %
2026/10/07 06:16:35.163, 66829 MiB, 100 %
2026/10/07 06:16:37.165, 66829 MiB, 100 %
2026/10/07 06:16:39.168, 66829 MiB, 100 %
2026/10/07 06:16:41.169, 66829 MiB, 100 %
2026/10/07 06:16:43.172, 66829 MiB, 100 %
2026/10/07 06:16:45.175, 66829 MiB, 100 %
2026/10/07 06:16:47.178, 66829 MiB, 100 %
2026/10/07 06:16:49.190, 66829 MiB, 100 %
2026/10/07 06:16:51.193, 66829 MiB, 100 %
2026/10/07 06:16:53.196, 66829 MiB, 100 %
2026/10/07 06:16:55.199, 66829 MiB, 100 %
2026/10/07 06:16:57.201, 66829 MiB, 100 %
2026/10/07 06:16:59.204, 66829 MiB, 100 %
2026/10/07 06:17:01.206, 66829 MiB, 100 %
2026/10/07 06:17:03.209, 66829 MiB, 100 %
2026/10/07 06:17:05.212, 66829 MiB, 100 %
2026/10/07 06:17:07.213, 66829 MiB, 100 %
2026/10/07 06:17:09.215, 66829 MiB, 100 %
2026/10/07 06:17:11.217, 66829 MiB, 100 %
2026/10/07 06:17:13.220, 66829 MiB, 100 %
2026/10/07 06:17:15.222, 66829 MiB, 100 %
2026/10/07 06:17:17.225, 66829 MiB, 100 %
2026/10/07 06:17:19.231, 66829 MiB, 100 %
2026/10/07 06:17:21.233, 66829 MiB, 100 %
2026/10/07 06:17:23.236, 66829 MiB, 100 %
2026/10/07 06:17:25.239, 66829 MiB, 100 %
2026/10/07 06:17:27.240, 66829 MiB, 100 %
2026/10/07 06:17:29.243, 66829 MiB, 100 %
2026/10/07 06:17:31.246, 66829 MiB, 100 %
2026/10/07 06:17:33.249, 66829 MiB, 100 %
2026/10/07 06:17:35.252, 66829 MiB, 100 %
2026/10/07 06:17:37.255, 66829 MiB, 100 %
2026/10/07 06:17:39.257, 66829 MiB, 91 %
2026/10/07 06:17:41.260, 66829 MiB, 97 %
2026/10/07 06:17:43.263, 66829 MiB, 100 %
2026/10/07 06:17:45.266, 66829 MiB, 100 %
2026/10/07 06:17:47.267, 66829 MiB, 100 %
2026/10/07 06:17:49.273, 66829 MiB, 100 %
2026/10/07 06:17:51.276, 66829 MiB, 100 %
2026/10/07 06:17:53.279, 66829 MiB, 91 %
2026/10/07 06:17:55.282, 66829 MiB, 100 %
2026/10/07 06:17:57.283, 66829 MiB, 100 %
2026/10/07 06:17:59.287, 66829 MiB, 100 %
2026/10/07 06:18:01.289, 66829 MiB, 100 %
2026/10/07 06:18:03.292, 66829 MiB, 100 %
2026/10/07 06:18:05.294, 66829 MiB, 100 %
2026/10/07 06:18:07.296, 66829 MiB, 100 %
2026/10/07 06:18:09.298, 66829 MiB, 100 %
2026/10/07 06:18:11.301, 66829 MiB, 100 %
2026/10/07 06:18:13.304, 66829 MiB, 100 %
2026/10/07 06:18:15.307, 66829 MiB, 100 %
2026/10/07 06:18:17.309, 66829 MiB, 100 %
2026/10/07 06:18:19.317, 66829 MiB, 89 %
2026/10/07 06:18:21.320, 66829 MiB, 100 %
2026/10/07 06:18:23.322, 66829 MiB, 100 %
2026/10/07 06:18:25.325, 66829 MiB, 100 %
2026/10/07 06:18:27.328, 66829 MiB, 100 %
2026/10/07 06:18:29.331, 66829 MiB, 100 %
2026/10/07 06:18:31.334, 66829 MiB, 100 %
2026/10/07 06:18:33.336, 66829 MiB, 100 %
2026/10/07 06:18:35.339, 66829 MiB, 87 %
2026/10/07 06:18:37.342, 66829 MiB, 100 %
2026/10/07 06:18:39.345, 66829 MiB, 100 %
2026/10/07 06:18:41.348, 66829 MiB, 100 %
2026/10/07 06:18:43.350, 66829 MiB, 100 %
2026/10/07 06:18:45.353, 66829 MiB, 100 %
2026/10/07 06:18:47.355, 66829 MiB, 100 %
2026/10/07 06:18:49.360, 66829 MiB, 92 %
2026/10/07 06:18:51.362, 66829 MiB, 100 %
2026/10/07 06:18:53.363, 66829 MiB, 100 %
2026/10/07 06:18:55.365, 66829 MiB, 91 %
2026/10/07 06:18:57.365, 66829 MiB, 97 %
2026/10/07 06:18:59.367, 66829 MiB, 100 %
2026/10/07 06:19:01.370, 66829 MiB, 97 %
2026/10/07 06:19:03.372, 66829 MiB, 100 %
2026/10/07 06:19:05.374, 66829 MiB, 97 %
2026/10/07 06:19:07.376, 66829 MiB, 96 %
2026/10/07 06:19:09.379, 66829 MiB, 100 %
2026/10/07 06:19:11.381, 66829 MiB, 100 %
2026/10/07 06:19:13.384, 66829 MiB, 100 %
2026/10/07 06:19:15.386, 66829 MiB, 100 %
2026/10/07 06:19:17.389, 66829 MiB, 100 %
2026/10/07 06:19:19.389, 66829 MiB, 100 %
2026/10/07 06:19:21.392, 66829 MiB, 100 %
2026/10/07 06:19:23.394, 66829 MiB, 100 %
2026/10/07 06:19:25.396, 66829 MiB, 100 %
2026/10/07 06:19:27.399, 66829 MiB, 100 %
2026/10/07 06:19:29.401, 66829 MiB, 100 %
2026/10/07 06:19:31.402, 66829 MiB, 100 %
2026/10/07 06:19:33.403, 66829 MiB, 100 %
2026/10/07 06:19:35.406, 66829 MiB, 100 %
2026/10/07 06:19:37.409, 66829 MiB, 100 %
2026/10/07 06:19:39.412, 66829 MiB, 100 %
2026/10/07 06:19:41.415, 66829 MiB, 96 %
2026/10/07 06:19:43.418, 66829 MiB, 97 %
2026/10/07 06:19:45.420, 66829 MiB, 100 %
2026/10/07 06:19:47.424, 66829 MiB, 100 %
2026/10/07 06:19:49.427, 66829 MiB, 100 %
2026/10/07 06:19:51.430, 66829 MiB, 100 %
2026/10/07 06:19:53.433, 66829 MiB, 91 %
2026/10/07 06:19:55.436, 66829 MiB, 100 %
2026/10/07 06:19:57.439, 66829 MiB, 100 %
2026/10/07 06:19:59.442, 66829 MiB, 91 %
2026/10/07 06:20:01.445, 66829 MiB, 100 %
2026/10/07 06:20:03.448, 66829 MiB, 100 %
2026/10/07 06:20:05.451, 66829 MiB, 100 %
2026/10/07 06:20:07.533, 66829 MiB, 100 %
2026/10/07 06:20:09.536, 66829 MiB, 100 %
2026/10/07 06:20:11.539, 66829 MiB, 100 %
2026/10/07 06:20:13.542, 66829 MiB, 100 %
2026/10/07 06:20:15.545, 66829 MiB, 6 %
2026/10/07 06:20:17.547, 66829 MiB, 100 %
2026/10/07 06:20:19.558, 66829 MiB, 100 %
2026/10/07 06:20:21.561, 66829 MiB, 63 %
2026/10/07 06:20:23.564, 66829 MiB, 100 %
2026/10/07 06:20:25.568, 66829 MiB, 100 %
2026/10/07 06:20:27.571, 66829 MiB, 100 %
2026/10/07 06:20:29.573, 66829 MiB, 100 %
2026/10/07 06:20:31.576, 66829 MiB, 100 %
2026/10/07 06:20:33.580, 66829 MiB, 100 %
2026/10/07 06:20:35.583, 66829 MiB, 100 %
2026/10/07 06:20:37.585, 66829 MiB, 41 %
2026/10/07 06:20:39.588, 66829 MiB, 100 %
2026/10/07 06:20:41.589, 66829 MiB, 100 %
2026/10/07 06:20:43.592, 66829 MiB, 100 %
2026/10/07 06:20:45.595, 66829 MiB, 100 %
2026/10/07 06:20:47.597, 66829 MiB, 100 %
2026/10/07 06:20:49.606, 66829 MiB, 100 %
2026/10/07 06:20:51.609, 66829 MiB, 100 %
2026/10/07 06:20:53.612, 66829 MiB, 100 %
2026/10/07 06:20:55.615, 66829 MiB, 100 %
2026/10/07 06:20:57.618, 66829 MiB, 100 %
2026/10/07 06:20:59.620, 66829 MiB, 100 %
2026/10/07 06:21:01.623, 66829 MiB, 100 %
2026/10/07 06:21:03.626, 66829 MiB, 44 %
2026/10/07 06:21:05.628, 66829 MiB, 100 %
2026/10/07 06:21:07.631, 66829 MiB, 100 %
2026/10/07 06:21:09.634, 66829 MiB, 100 %
2026/10/07 06:21:11.636, 66829 MiB, 100 %
2026/10/07 06:21:13.639, 66829 MiB, 100 %
2026/10/07 06:21:15.641, 66829 MiB, 95 %
2026/10/07 06:21:17.642, 66829 MiB, 100 %
2026/10/07 06:21:19.654, 66829 MiB, 100 %
2026/10/07 06:21:21.656, 66829 MiB, 65 %
2026/10/07 06:21:23.657, 66829 MiB, 100 %
2026/10/07 06:21:25.658, 66829 MiB, 58 %
2026/10/07 06:21:27.659, 66829 MiB, 100 %
2026/10/07 06:21:29.660, 66829 MiB, 67 %
2026/10/07 06:21:31.660, 66829 MiB, 100 %
2026/10/07 06:21:33.662, 66829 MiB, 100 %
2026/10/07 06:21:35.663, 66829 MiB, 100 %
2026/10/07 06:21:37.666, 66829 MiB, 100 %
2026/10/07 06:21:39.668, 66829 MiB, 100 %
2026/10/07 06:21:41.670, 66829 MiB, 100 %
2026/10/07 06:21:43.672, 66829 MiB, 0 %
2026/10/07 06:21:45.675, 66829 MiB, 100 %
2026/10/07 06:21:47.677, 66829 MiB, 100 %
2026/10/07 06:21:49.687, 66829 MiB, 100 %
2026/10/07 06:21:51.689, 66829 MiB, 100 %
2026/10/07 06:21:53.690, 66829 MiB, 100 %
2026/10/07 06:21:55.693, 66829 MiB, 100 %
2026/10/07 06:21:57.696, 66829 MiB, 100 %
2026/10/07 06:21:59.697, 66829 MiB, 100 %
2026/10/07 06:22:01.699, 66829 MiB, 100 %
2026/10/07 06:22:03.700, 66829 MiB, 100 %
2026/10/07 06:22:05.702, 66829 MiB, 100 %
2026/10/07 06:22:07.705, 66829 MiB, 100 %
2026/10/07 06:22:09.707, 66829 MiB, 100 %
2026/10/07 06:22:11.710, 66829 MiB, 100 %
2026/10/07 06:22:13.713, 66829 MiB, 100 %
2026/10/07 06:22:15.717, 66829 MiB, 100 %
2026/10/07 06:22:17.720, 66829 MiB, 100 %
2026/10/07 06:22:19.731, 66829 MiB, 100 %
2026/10/07 06:22:21.733, 66829 MiB, 100 %
2026/10/07 06:22:23.735, 66829 MiB, 100 %
2026/10/07 06:22:25.738, 66829 MiB, 100 %
2026/10/07 06:22:27.740, 66829 MiB, 100 %
2026/10/07 06:22:29.744, 66829 MiB, 100 %
2026/10/07 06:22:31.746, 66829 MiB, 100 %
2026/10/07 06:22:33.749, 66829 MiB, 100 %
2026/10/07 06:22:35.752, 66829 MiB, 100 %
2026/10/07 06:22:37.754, 66829 MiB, 100 %
2026/10/07 06:22:39.757, 66829 MiB, 100 %
2026/10/07 06:22:41.758, 66829 MiB, 100 %
2026/10/07 06:22:43.761, 66829 MiB, 100 %
2026/10/07 06:22:45.763, 66829 MiB, 100 %
2026/10/07 06:22:47.764, 66829 MiB, 100 %
2026/10/07 06:22:49.771, 66829 MiB, 100 %
2026/10/07 06:22:51.773, 66829 MiB, 100 %
2026/10/07 06:22:53.775, 66829 MiB, 100 %
2026/10/07 06:22:55.778, 66829 MiB, 100 %
2026/10/07 06:22:57.781, 66829 MiB, 100 %
2026/10/07 06:22:59.784, 66829 MiB, 100 %
2026/10/07 06:23:01.786, 66829 MiB, 100 %
2026/10/07 06:23:03.789, 66829 MiB, 100 %
2026/10/07 06:23:05.791, 66829 MiB, 100 %
2026/10/07 06:23:07.793, 66829 MiB, 100 %
2026/10/07 06:23:09.795, 66829 MiB, 100 %
2026/10/07 06:23:11.797, 66829 MiB, 100 %
2026/10/07 06:23:13.800, 66829 MiB, 100 %
2026/10/07 06:23:15.803, 66829 MiB, 100 %
2026/10/07 06:23:17.806, 66829 MiB, 100 %
2026/10/07 06:23:19.817, 66829 MiB, 100 %
2026/10/07 06:23:21.820, 66829 MiB, 100 %
2026/10/07 06:23:23.823, 66829 MiB, 100 %
2026/10/07 06:23:25.826, 66829 MiB, 100 %
2026/10/07 06:23:27.828, 66829 MiB, 100 %
2026/10/07 06:23:29.831, 66829 MiB, 100 %
2026/10/07 06:23:31.833, 66829 MiB, 100 %
2026/10/07 06:23:33.836, 66829 MiB, 100 %
2026/10/07 06:23:35.839, 66829 MiB, 100 %
2026/10/07 06:23:37.842, 66829 MiB, 100 %
2026/10/07 06:23:39.845, 66829 MiB, 100 %
2026/10/07 06:23:41.848, 66829 MiB, 100 %
2026/10/07 06:23:43.850, 66829 MiB, 100 %
2026/10/07 06:23:45.853, 66829 MiB, 100 %
2026/10/07 06:23:47.856, 66829 MiB, 100 %
2026/10/07 06:23:49.866, 66829 MiB, 100 %
2026/10/07 06:23:51.869, 66829 MiB, 100 %
2026/10/07 06:23:53.872, 66829 MiB, 100 %
2026/10/07 06:23:55.874, 66829 MiB, 100 %
2026/10/07 06:23:57.877, 66829 MiB, 100 %
2026/10/07 06:23:59.879, 66829 MiB, 100 %
2026/10/07 06:24:01.882, 66829 MiB, 100 %
2026/10/07 06:24:03.885, 66829 MiB, 100 %
2026/10/07 06:24:05.888, 66829 MiB, 100 %
2026/10/07 06:24:07.890, 66829 MiB, 100 %
2026/10/07 06:24:09.893, 66829 MiB, 100 %
2026/10/07 06:24:11.896, 66829 MiB, 100 %
2026/10/07 06:24:13.897, 66829 MiB, 100 %
2026/10/07 06:24:15.899, 66829 MiB, 100 %
2026/10/07 06:24:17.901, 66829 MiB, 100 %
2026/10/07 06:24:19.918, 66829 MiB, 100 %
2026/10/07 06:24:21.919, 66829 MiB, 100 %
2026/10/07 06:24:23.922, 66829 MiB, 100 %
2026/10/07 06:24:25.925, 66829 MiB, 100 %
2026/10/07 06:24:27.927, 66829 MiB, 0 %
2026/10/07 06:24:29.930, 66829 MiB, 100 %
2026/10/07 06:24:31.932, 66829 MiB, 100 %
2026/10/07 06:24:33.935, 66829 MiB, 100 %
2026/10/07 06:24:35.937, 66829 MiB, 100 %
2026/10/07 06:24:37.939, 66829 MiB, 94 %
2026/10/07 06:24:39.940, 66829 MiB, 100 %
2026/10/07 06:24:41.943, 66829 MiB, 100 %
2026/10/07 06:24:43.946, 66829 MiB, 100 %
2026/10/07 06:24:45.948, 66829 MiB, 92 %
2026/10/07 06:24:47.951, 66829 MiB, 100 %
2026/10/07 06:24:49.954, 66829 MiB, 100 %
2026/10/07 06:24:51.957, 66829 MiB, 100 %
2026/10/07 06:24:53.958, 66829 MiB, 100 %
2026/10/07 06:24:55.961, 66829 MiB, 91 %
2026/10/07 06:24:57.962, 66829 MiB, 100 %
2026/10/07 06:24:59.965, 66829 MiB, 100 %
2026/10/07 06:25:01.967, 66829 MiB, 100 %
2026/10/07 06:25:03.970, 66829 MiB, 100 %
2026/10/07 06:25:05.973, 66829 MiB, 91 %
2026/10/07 06:25:07.976, 66829 MiB, 100 %
2026/10/07 06:25:09.978, 66829 MiB, 100 %
2026/10/07 06:25:11.981, 66829 MiB, 100 %
2026/10/07 06:25:13.982, 66829 MiB, 100 %
2026/10/07 06:25:15.984, 66829 MiB, 100 %
2026/10/07 06:25:17.985, 66829 MiB, 100 %
2026/10/07 06:25:19.989, 66829 MiB, 91 %
2026/10/07 06:25:21.991, 66829 MiB, 100 %
2026/10/07 06:25:23.994, 66829 MiB, 97 %
2026/10/07 06:25:25.997, 66829 MiB, 100 %
2026/10/07 06:25:28.000, 66829 MiB, 100 %
2026/10/07 06:25:30.002, 66829 MiB, 100 %
2026/10/07 06:25:32.005, 66829 MiB, 100 %
2026/10/07 06:25:34.007, 66829 MiB, 100 %
2026/10/07 06:25:36.010, 66829 MiB, 100 %
2026/10/07 06:25:38.013, 66829 MiB, 91 %
2026/10/07 06:25:40.015, 66829 MiB, 100 %
2026/10/07 06:25:42.018, 66829 MiB, 100 %
2026/10/07 06:25:44.020, 66829 MiB, 100 %
2026/10/07 06:25:46.022, 66829 MiB, 100 %
2026/10/07 06:25:48.025, 66829 MiB, 100 %
2026/10/07 06:25:50.028, 66829 MiB, 100 %
2026/10/07 06:25:52.029, 66829 MiB, 100 %
2026/10/07 06:25:54.032, 66829 MiB, 100 %
2026/10/07 06:25:56.035, 66829 MiB, 100 %
2026/10/07 06:25:58.038, 66829 MiB, 100 %
2026/10/07 06:26:00.041, 66829 MiB, 100 %
2026/10/07 06:26:02.044, 66829 MiB, 90 %
2026/10/07 06:26:04.047, 66829 MiB, 100 %
2026/10/07 06:26:06.050, 66829 MiB, 100 %
2026/10/07 06:26:08.053, 66829 MiB, 100 %
2026/10/07 06:26:10.056, 66829 MiB, 97 %
2026/10/07 06:26:12.058, 66829 MiB, 100 %
2026/10/07 06:26:14.061, 66829 MiB, 100 %
2026/10/07 06:26:16.064, 66829 MiB, 100 %
2026/10/07 06:26:18.067, 66829 MiB, 90 %
2026/10/07 06:26:20.074, 66829 MiB, 100 %
2026/10/07 06:26:22.076, 66829 MiB, 91 %
2026/10/07 06:26:24.079, 66829 MiB, 100 %
2026/10/07 06:26:26.082, 66829 MiB, 100 %
2026/10/07 06:26:28.085, 66829 MiB, 100 %
2026/10/07 06:26:30.088, 66829 MiB, 100 %
2026/10/07 06:26:32.091, 66829 MiB, 100 %
2026/10/07 06:26:34.094, 66829 MiB, 100 %
2026/10/07 06:26:36.097, 66829 MiB, 100 %
2026/10/07 06:26:38.099, 66829 MiB, 100 %
2026/10/07 06:26:40.102, 66829 MiB, 100 %
2026/10/07 06:26:42.104, 66829 MiB, 90 %
2026/10/07 06:26:44.107, 66829 MiB, 100 %
2026/10/07 06:26:46.110, 66829 MiB, 100 %
2026/10/07 06:26:48.113, 66829 MiB, 100 %
2026/10/07 06:26:50.121, 66829 MiB, 91 %
2026/10/07 06:26:52.123, 66829 MiB, 97 %
2026/10/07 06:26:54.126, 66829 MiB, 99 %
2026/10/07 06:26:56.128, 66829 MiB, 97 %
2026/10/07 06:26:58.130, 66829 MiB, 100 %
2026/10/07 06:27:00.132, 66829 MiB, 100 %
2026/10/07 06:27:02.134, 66829 MiB, 69 %
2026/10/07 06:27:04.136, 66829 MiB, 100 %
2026/10/07 06:27:06.138, 66829 MiB, 100 %
2026/10/07 06:27:08.141, 66829 MiB, 100 %
2026/10/07 06:27:10.143, 66829 MiB, 100 %
2026/10/07 06:27:12.146, 66829 MiB, 100 %
2026/10/07 06:27:14.149, 66829 MiB, 100 %
2026/10/07 06:27:16.151, 66829 MiB, 100 %
2026/10/07 06:27:18.154, 66829 MiB, 100 %
2026/10/07 06:27:20.166, 66829 MiB, 100 %
2026/10/07 06:27:22.169, 66829 MiB, 85 %
2026/10/07 06:27:24.171, 66829 MiB, 100 %
2026/10/07 06:27:26.173, 66829 MiB, 100 %
2026/10/07 06:27:28.176, 66829 MiB, 100 %
2026/10/07 06:27:30.179, 66829 MiB, 100 %
2026/10/07 06:27:32.182, 66829 MiB, 98 %
2026/10/07 06:27:34.184, 66829 MiB, 100 %
2026/10/07 06:27:36.187, 66829 MiB, 100 %
2026/10/07 06:27:38.189, 66829 MiB, 0 %
2026/10/07 06:27:40.192, 66829 MiB, 100 %
2026/10/07 06:27:42.195, 66829 MiB, 100 %
2026/10/07 06:27:44.196, 66829 MiB, 100 %
2026/10/07 06:27:46.198, 66829 MiB, 100 %
2026/10/07 06:27:48.201, 66829 MiB, 100 %
2026/10/07 06:27:50.218, 66829 MiB, 100 %
2026/10/07 06:27:52.219, 66829 MiB, 100 %
2026/10/07 06:27:54.221, 66829 MiB, 100 %
2026/10/07 06:27:56.224, 66829 MiB, 100 %
2026/10/07 06:27:58.226, 66829 MiB, 100 %
2026/10/07 06:28:00.229, 66829 MiB, 71 %
2026/10/07 06:28:02.232, 66829 MiB, 100 %
2026/10/07 06:28:04.235, 66829 MiB, 100 %
2026/10/07 06:28:06.237, 66829 MiB, 100 %
2026/10/07 06:28:08.239, 66829 MiB, 100 %
2026/10/07 06:28:10.242, 66829 MiB, 89 %
2026/10/07 06:28:12.245, 66829 MiB, 0 %
2026/10/07 06:28:14.248, 66829 MiB, 100 %
2026/10/07 06:28:16.250, 66829 MiB, 100 %
2026/10/07 06:28:18.253, 66829 MiB, 100 %
2026/10/07 06:28:20.260, 66829 MiB, 100 %
2026/10/07 06:28:22.263, 66829 MiB, 100 %
2026/10/07 06:28:24.266, 66829 MiB, 100 %
2026/10/07 06:28:26.268, 66829 MiB, 100 %
2026/10/07 06:28:28.271, 66829 MiB, 100 %
2026/10/07 06:28:30.274, 66829 MiB, 100 %
2026/10/07 06:28:32.277, 66829 MiB, 73 %
2026/10/07 06:28:34.279, 66829 MiB, 100 %
2026/10/07 06:28:36.282, 66829 MiB, 100 %
2026/10/07 06:28:38.284, 66829 MiB, 100 %
2026/10/07 06:28:40.287, 66829 MiB, 100 %
2026/10/07 06:28:42.290, 66829 MiB, 100 %
2026/10/07 06:28:44.292, 66829 MiB, 88 %
2026/10/07 06:28:46.295, 66829 MiB, 0 %
2026/10/07 06:28:48.297, 66829 MiB, 100 %
2026/10/07 06:28:50.304, 66829 MiB, 100 %
2026/10/07 06:28:52.306, 66829 MiB, 100 %
2026/10/07 06:28:54.310, 66829 MiB, 100 %
2026/10/07 06:28:56.313, 66829 MiB, 100 %
2026/10/07 06:28:58.315, 66829 MiB, 100 %
2026/10/07 06:29:00.318, 66829 MiB, 100 %
2026/10/07 06:29:02.320, 66829 MiB, 100 %
2026/10/07 06:29:04.323, 66829 MiB, 100 %
2026/10/07 06:29:06.325, 66829 MiB, 100 %
2026/10/07 06:29:08.328, 66829 MiB, 100 %
2026/10/07 06:29:10.329, 66829 MiB, 100 %
2026/10/07 06:29:12.331, 66829 MiB, 100 %
2026/10/07 06:29:14.333, 66829 MiB, 100 %
2026/10/07 06:29:16.336, 66829 MiB, 100 %
2026/10/07 06:29:18.338, 66829 MiB, 100 %
2026/10/07 06:29:20.347, 66829 MiB, 100 %
2026/10/07 06:29:22.349, 66829 MiB, 100 %
2026/10/07 06:29:24.352, 66829 MiB, 100 %
2026/10/07 06:29:26.354, 66829 MiB, 100 %
2026/10/07 06:29:28.356, 66829 MiB, 100 %
2026/10/07 06:29:30.359, 66829 MiB, 100 %
2026/10/07 06:29:32.361, 66829 MiB, 100 %
2026/10/07 06:29:34.364, 66829 MiB, 100 %
2026/10/07 06:29:36.367, 66829 MiB, 100 %
2026/10/07 06:29:38.370, 66829 MiB, 100 %
2026/10/07 06:29:40.372, 66829 MiB, 100 %
2026/10/07 06:29:42.375, 66829 MiB, 100 %
2026/10/07 06:29:44.377, 66829 MiB, 100 %
2026/10/07 06:29:46.380, 66829 MiB, 100 %
2026/10/07 06:29:48.382, 66829 MiB, 100 %
2026/10/07 06:29:50.391, 66829 MiB, 100 %
2026/10/07 06:29:52.393, 66829 MiB, 100 %
2026/10/07 06:29:54.394, 66829 MiB, 100 %
2026/10/07 06:29:56.397, 66829 MiB, 100 %
2026/10/07 06:29:58.399, 66829 MiB, 100 %
2026/10/07 06:30:00.401, 66829 MiB, 100 %
2026/10/07 06:30:02.404, 66829 MiB, 100 %
2026/10/07 06:30:04.406, 66829 MiB, 100 %
2026/10/07 06:30:06.407, 66829 MiB, 100 %
2026/10/07 06:30:08.410, 67357 MiB, 100 %
2026/10/07 06:30:10.412, 66829 MiB, 100 %
2026/10/07 06:30:12.415, 66829 MiB, 100 %
2026/10/07 06:30:14.418, 66829 MiB, 100 %
2026/10/07 06:30:16.420, 66829 MiB, 100 %
2026/10/07 06:30:18.421, 66829 MiB, 100 %
2026/10/07 06:30:20.430, 66829 MiB, 100 %
2026/10/07 06:30:22.433, 66829 MiB, 100 %
2026/10/07 06:30:24.435, 66829 MiB, 100 %
2026/10/07 06:30:26.438, 66829 MiB, 100 %
2026/10/07 06:30:28.440, 66829 MiB, 100 %
2026/10/07 06:30:30.442, 66829 MiB, 100 %
2026/10/07 06:30:32.445, 66829 MiB, 100 %
2026/10/07 06:30:34.447, 66829 MiB, 100 %
2026/10/07 06:30:36.449, 66829 MiB, 100 %
2026/10/07 06:30:38.451, 66829 MiB, 100 %
2026/10/07 06:30:40.452, 66829 MiB, 100 %
2026/10/07 06:30:42.454, 66829 MiB, 100 %
2026/10/07 06:30:44.456, 66829 MiB, 100 %
2026/10/07 06:30:46.457, 66829 MiB, 100 %
2026/10/07 06:30:48.458, 66829 MiB, 100 %
2026/10/07 06:30:50.462, 66829 MiB, 100 %
2026/10/07 06:30:52.465, 66829 MiB, 100 %
2026/10/07 06:30:54.468, 66829 MiB, 100 %
2026/10/07 06:30:56.470, 66829 MiB, 100 %
2026/10/07 06:30:58.473, 66829 MiB, 100 %
2026/10/07 06:31:00.475, 66829 MiB, 100 %
2026/10/07 06:31:02.477, 66829 MiB, 100 %
2026/10/07 06:31:04.480, 66829 MiB, 100 %
2026/10/07 06:31:06.483, 66829 MiB, 100 %
2026/10/07 06:31:08.485, 66829 MiB, 100 %
2026/10/07 06:31:10.487, 66829 MiB, 100 %
2026/10/07 06:31:12.489, 66829 MiB, 100 %
2026/10/07 06:31:14.492, 66829 MiB, 100 %
2026/10/07 06:31:16.495, 66829 MiB, 100 %
2026/10/07 06:31:18.498, 66829 MiB, 100 %
2026/10/07 06:31:20.502, 66829 MiB, 100 %
2026/10/07 06:31:22.505, 66829 MiB, 100 %
2026/10/07 06:31:24.561, 66829 MiB, 100 %
2026/10/07 06:31:26.564, 66829 MiB, 100 %
2026/10/07 06:31:28.566, 66829 MiB, 100 %
2026/10/07 06:31:30.569, 66829 MiB, 100 %
2026/10/07 06:31:32.572, 66829 MiB, 100 %
2026/10/07 06:31:34.575, 66829 MiB, 100 %
2026/10/07 06:31:36.577, 66829 MiB, 100 %
2026/10/07 06:31:38.579, 66829 MiB, 100 %
2026/10/07 06:31:40.582, 66829 MiB, 100 %
2026/10/07 06:31:42.583, 66829 MiB, 99 %
2026/10/07 06:31:44.586, 66829 MiB, 100 %
2026/10/07 06:31:46.589, 66829 MiB, 100 %
2026/10/07 06:31:48.592, 66829 MiB, 90 %
2026/10/07 06:31:50.595, 66829 MiB, 100 %
2026/10/07 06:31:52.597, 66829 MiB, 96 %
2026/10/07 06:31:54.600, 66829 MiB, 100 %
2026/10/07 06:31:56.601, 66829 MiB, 100 %
2026/10/07 06:31:58.604, 66829 MiB, 100 %
2026/10/07 06:32:00.606, 66829 MiB, 100 %
2026/10/07 06:32:02.608, 66829 MiB, 100 %
2026/10/07 06:32:04.611, 66829 MiB, 100 %
2026/10/07 06:32:06.614, 66829 MiB, 96 %
2026/10/07 06:32:08.615, 66829 MiB, 100 %
2026/10/07 06:32:10.617, 66829 MiB, 100 %
2026/10/07 06:32:12.620, 66829 MiB, 100 %
2026/10/07 06:32:14.622, 66829 MiB, 100 %
2026/10/07 06:32:16.624, 66829 MiB, 100 %
2026/10/07 06:32:18.625, 66829 MiB, 100 %
2026/10/07 06:32:20.628, 66829 MiB, 100 %
2026/10/07 06:32:22.631, 66829 MiB, 100 %
2026/10/07 06:32:24.634, 66829 MiB, 100 %
2026/10/07 06:32:26.636, 66829 MiB, 100 %
2026/10/07 06:32:28.639, 66829 MiB, 100 %
2026/10/07 06:32:30.642, 66829 MiB, 100 %
2026/10/07 06:32:32.645, 66829 MiB, 100 %
2026/10/07 06:32:34.648, 66829 MiB, 97 %
2026/10/07 06:32:36.651, 66829 MiB, 100 %
2026/10/07 06:32:38.653, 66829 MiB, 100 %
2026/10/07 06:32:40.656, 66829 MiB, 100 %
2026/10/07 06:32:42.658, 66829 MiB, 100 %
2026/10/07 06:32:44.660, 66829 MiB, 100 %
2026/10/07 06:32:46.663, 66829 MiB, 100 %
2026/10/07 06:32:48.665, 66829 MiB, 100 %
2026/10/07 06:32:50.668, 66829 MiB, 100 %
2026/10/07 06:32:52.671, 66829 MiB, 100 %
2026/10/07 06:32:54.673, 66829 MiB, 100 %
2026/10/07 06:32:56.676, 66829 MiB, 100 %
2026/10/07 06:32:58.679, 66829 MiB, 100 %
2026/10/07 06:33:00.681, 66829 MiB, 100 %
2026/10/07 06:33:02.682, 66829 MiB, 100 %
2026/10/07 06:33:04.684, 66829 MiB, 100 %
2026/10/07 06:33:06.687, 66829 MiB, 100 %
2026/10/07 06:33:08.690, 66829 MiB, 100 %
2026/10/07 06:33:10.692, 66829 MiB, 100 %
2026/10/07 06:33:12.694, 66829 MiB, 100 %
2026/10/07 06:33:14.697, 66829 MiB, 100 %
2026/10/07 06:33:16.698, 66829 MiB, 100 %
2026/10/07 06:33:18.700, 66829 MiB, 100 %
2026/10/07 06:33:20.714, 66829 MiB, 100 %
2026/10/07 06:33:22.716, 66829 MiB, 100 %
2026/10/07 06:33:24.719, 66829 MiB, 100 %
2026/10/07 06:33:26.722, 66829 MiB, 100 %
2026/10/07 06:33:28.723, 66829 MiB, 100 %
2026/10/07 06:33:30.725, 66829 MiB, 100 %
2026/10/07 06:33:32.728, 66829 MiB, 100 %
2026/10/07 06:33:34.731, 66829 MiB, 96 %
2026/10/07 06:33:36.732, 66829 MiB, 100 %
2026/10/07 06:33:38.735, 66829 MiB, 100 %
2026/10/07 06:33:40.738, 66829 MiB, 100 %
2026/10/07 06:33:42.739, 66829 MiB, 95 %
2026/10/07 06:33:44.740, 66829 MiB, 100 %
2026/10/07 06:33:46.742, 66829 MiB, 100 %
2026/10/07 06:33:48.745, 66829 MiB, 100 %
2026/10/07 06:33:50.752, 66829 MiB, 100 %
2026/10/07 06:33:52.754, 66829 MiB, 100 %
2026/10/07 06:33:54.757, 66829 MiB, 100 %
2026/10/07 06:33:56.758, 66829 MiB, 100 %
2026/10/07 06:33:58.759, 66829 MiB, 100 %
2026/10/07 06:34:00.762, 66829 MiB, 88 %
2026/10/07 06:34:02.764, 66829 MiB, 100 %
2026/10/07 06:34:04.767, 66829 MiB, 89 %
2026/10/07 06:34:06.770, 66829 MiB, 90 %
2026/10/07 06:34:08.773, 66829 MiB, 100 %
2026/10/07 06:34:10.775, 66829 MiB, 97 %
2026/10/07 06:34:12.778, 66829 MiB, 100 %
2026/10/07 06:34:14.781, 66829 MiB, 100 %
2026/10/07 06:34:16.783, 66829 MiB, 100 %
2026/10/07 06:34:18.786, 66829 MiB, 100 %
2026/10/07 06:34:20.791, 66829 MiB, 100 %
2026/10/07 06:34:22.795, 66829 MiB, 100 %
2026/10/07 06:34:24.797, 66829 MiB, 100 %
2026/10/07 06:34:26.800, 66829 MiB, 100 %
2026/10/07 06:34:28.803, 66829 MiB, 100 %
2026/10/07 06:34:30.806, 66829 MiB, 100 %
2026/10/07 06:34:32.808, 66829 MiB, 100 %
2026/10/07 06:34:34.810, 66829 MiB, 100 %
2026/10/07 06:34:36.813, 66829 MiB, 100 %
2026/10/07 06:34:38.816, 66829 MiB, 100 %
2026/10/07 06:34:40.818, 66829 MiB, 100 %
2026/10/07 06:34:42.821, 66829 MiB, 100 %
2026/10/07 06:34:44.824, 66829 MiB, 27 %
2026/10/07 06:34:46.826, 66829 MiB, 100 %
2026/10/07 06:34:48.829, 66829 MiB, 100 %
2026/10/07 06:34:50.833, 66829 MiB, 100 %
2026/10/07 06:34:52.835, 66829 MiB, 100 %
2026/10/07 06:34:54.838, 66829 MiB, 100 %
2026/10/07 06:34:56.840, 66829 MiB, 100 %
2026/10/07 06:34:58.843, 66829 MiB, 100 %
2026/10/07 06:35:00.846, 66829 MiB, 100 %
2026/10/07 06:35:02.849, 66829 MiB, 100 %
2026/10/07 06:35:04.851, 66829 MiB, 100 %
2026/10/07 06:35:06.854, 66829 MiB, 100 %
2026/10/07 06:35:08.861, 66829 MiB, 100 %
2026/10/07 06:35:10.864, 66829 MiB, 100 %
2026/10/07 06:35:12.866, 66829 MiB, 100 %
2026/10/07 06:35:14.869, 66829 MiB, 100 %
2026/10/07 06:35:16.872, 66829 MiB, 100 %
2026/10/07 06:35:18.875, 66829 MiB, 100 %
2026/10/07 06:35:20.883, 66829 MiB, 100 %
2026/10/07 06:35:22.886, 66829 MiB, 100 %
2026/10/07 06:35:24.889, 66829 MiB, 100 %
2026/10/07 06:35:26.891, 66829 MiB, 100 %
2026/10/07 06:35:28.894, 66829 MiB, 100 %
2026/10/07 06:35:30.897, 66829 MiB, 100 %
2026/10/07 06:35:32.901, 66829 MiB, 100 %
2026/10/07 06:35:34.903, 66829 MiB, 100 %
2026/10/07 06:35:36.906, 66829 MiB, 100 %
2026/10/07 06:35:38.908, 66829 MiB, 100 %
2026/10/07 06:35:40.911, 66829 MiB, 100 %
2026/10/07 06:35:42.914, 66829 MiB, 88 %
2026/10/07 06:35:44.916, 66829 MiB, 100 %
2026/10/07 06:35:46.918, 66829 MiB, 100 %
2026/10/07 06:35:48.921, 66829 MiB, 100 %
2026/10/07 06:35:50.925, 66829 MiB, 100 %
2026/10/07 06:35:52.927, 66829 MiB, 87 %
2026/10/07 06:35:54.930, 66829 MiB, 100 %
2026/10/07 06:35:56.933, 66829 MiB, 100 %
2026/10/07 06:35:58.936, 66829 MiB, 100 %
2026/10/07 06:36:00.939, 66829 MiB, 100 %
2026/10/07 06:36:02.942, 66829 MiB, 65 %
2026/10/07 06:36:04.945, 66829 MiB, 100 %
2026/10/07 06:36:06.948, 66829 MiB, 100 %
2026/10/07 06:36:08.950, 66829 MiB, 0 %
2026/10/07 06:36:10.954, 66829 MiB, 100 %
2026/10/07 06:36:12.957, 66829 MiB, 100 %
2026/10/07 06:36:14.959, 66829 MiB, 100 %
2026/10/07 06:36:16.960, 66829 MiB, 100 %
2026/10/07 06:36:18.963, 66829 MiB, 100 %
2026/10/07 06:36:20.966, 66829 MiB, 100 %
2026/10/07 06:36:22.969, 66829 MiB, 100 %
2026/10/07 06:36:24.972, 66829 MiB, 100 %
2026/10/07 06:36:26.974, 66829 MiB, 100 %
2026/10/07 06:36:28.977, 66829 MiB, 100 %
2026/10/07 06:36:30.980, 66829 MiB, 100 %
2026/10/07 06:36:32.983, 66829 MiB, 100 %
2026/10/07 06:36:34.986, 66829 MiB, 100 %
2026/10/07 06:36:36.988, 66829 MiB, 100 %
2026/10/07 06:36:38.991, 66829 MiB, 100 %
2026/10/07 06:36:40.994, 66829 MiB, 100 %
2026/10/07 06:36:42.997, 66829 MiB, 100 %
2026/10/07 06:36:45.000, 66829 MiB, 100 %
2026/10/07 06:36:47.003, 66829 MiB, 100 %
2026/10/07 06:36:49.006, 66829 MiB, 100 %
2026/10/07 06:36:51.021, 66829 MiB, 100 %
2026/10/07 06:36:53.024, 66829 MiB, 100 %
2026/10/07 06:36:55.027, 66829 MiB, 100 %
2026/10/07 06:36:57.030, 66829 MiB, 100 %
2026/10/07 06:36:59.033, 66829 MiB, 100 %
2026/10/07 06:37:01.035, 66829 MiB, 100 %
2026/10/07 06:37:03.038, 66829 MiB, 100 %
2026/10/07 06:37:05.041, 66829 MiB, 100 %
2026/10/07 06:37:07.043, 66829 MiB, 100 %
2026/10/07 06:37:09.046, 66829 MiB, 100 %
2026/10/07 06:37:11.048, 66829 MiB, 100 %
2026/10/07 06:37:13.051, 66829 MiB, 100 %
2026/10/07 06:37:15.054, 66829 MiB, 100 %
2026/10/07 06:37:17.057, 66829 MiB, 100 %
2026/10/07 06:37:19.060, 66829 MiB, 100 %
2026/10/07 06:37:21.068, 66829 MiB, 100 %
2026/10/07 06:37:23.071, 66829 MiB, 100 %
2026/10/07 06:37:25.073, 66829 MiB, 100 %
2026/10/07 06:37:27.076, 66829 MiB, 100 %
2026/10/07 06:37:29.079, 66829 MiB, 100 %
2026/10/07 06:37:31.081, 66829 MiB, 100 %
2026/10/07 06:37:33.085, 66829 MiB, 100 %
2026/10/07 06:37:35.087, 66829 MiB, 100 %
2026/10/07 06:37:37.090, 66829 MiB, 100 %
2026/10/07 06:37:39.093, 66829 MiB, 100 %
2026/10/07 06:37:41.096, 66829 MiB, 100 %
2026/10/07 06:37:43.099, 66829 MiB, 100 %
2026/10/07 06:37:45.102, 66829 MiB, 100 %
2026/10/07 06:37:47.104, 66829 MiB, 100 %
2026/10/07 06:37:49.106, 66829 MiB, 100 %
2026/10/07 06:37:51.121, 66829 MiB, 100 %
2026/10/07 06:37:53.123, 66829 MiB, 100 %
2026/10/07 06:37:55.125, 66829 MiB, 100 %
2026/10/07 06:37:57.127, 66829 MiB, 100 %
2026/10/07 06:37:59.128, 66829 MiB, 100 %
2026/10/07 06:38:01.131, 66829 MiB, 100 %
2026/10/07 06:38:03.132, 66829 MiB, 100 %
2026/10/07 06:38:05.136, 66829 MiB, 100 %
2026/10/07 06:38:07.138, 66829 MiB, 100 %
2026/10/07 06:38:09.141, 66829 MiB, 100 %
2026/10/07 06:38:11.144, 66829 MiB, 100 %
2026/10/07 06:38:13.146, 66829 MiB, 100 %
2026/10/07 06:38:15.147, 66829 MiB, 100 %
2026/10/07 06:38:17.149, 66829 MiB, 100 %
2026/10/07 06:38:19.152, 66829 MiB, 100 %
2026/10/07 06:38:21.172, 66829 MiB, 100 %
2026/10/07 06:38:23.173, 66829 MiB, 100 %
2026/10/07 06:38:25.176, 66829 MiB, 100 %
2026/10/07 06:38:27.178, 66829 MiB, 100 %
2026/10/07 06:38:29.181, 66829 MiB, 100 %
2026/10/07 06:38:31.184, 66829 MiB, 100 %
2026/10/07 06:38:33.186, 66829 MiB, 100 %
2026/10/07 06:38:35.189, 66829 MiB, 100 %
2026/10/07 06:38:37.191, 66829 MiB, 100 %
2026/10/07 06:38:39.193, 66829 MiB, 100 %
2026/10/07 06:38:41.196, 66829 MiB, 100 %
2026/10/07 06:38:43.198, 66829 MiB, 100 %
2026/10/07 06:38:45.201, 66829 MiB, 100 %
2026/10/07 06:38:47.204, 66829 MiB, 100 %
2026/10/07 06:38:49.206, 66829 MiB, 100 %
2026/10/07 06:38:51.213, 66829 MiB, 100 %
2026/10/07 06:38:53.216, 66829 MiB, 100 %
2026/10/07 06:38:55.218, 66829 MiB, 100 %
2026/10/07 06:38:57.221, 66829 MiB, 100 %
2026/10/07 06:38:59.224, 66829 MiB, 100 %
2026/10/07 06:39:01.226, 66829 MiB, 100 %
2026/10/07 06:39:03.229, 66829 MiB, 100 %
2026/10/07 06:39:05.232, 66829 MiB, 100 %
2026/10/07 06:39:07.234, 66829 MiB, 97 %
2026/10/07 06:39:09.237, 66829 MiB, 91 %
2026/10/07 06:39:11.239, 66829 MiB, 100 %
2026/10/07 06:39:13.243, 66829 MiB, 100 %
2026/10/07 06:39:15.246, 66829 MiB, 100 %
2026/10/07 06:39:17.248, 66829 MiB, 97 %
2026/10/07 06:39:19.249, 66829 MiB, 100 %
2026/10/07 06:39:21.252, 66829 MiB, 100 %
2026/10/07 06:39:23.255, 66829 MiB, 100 %
2026/10/07 06:39:25.258, 66829 MiB, 91 %
2026/10/07 06:39:27.260, 66829 MiB, 100 %
2026/10/07 06:39:29.263, 66829 MiB, 100 %
2026/10/07 06:39:31.266, 66829 MiB, 100 %
2026/10/07 06:39:33.268, 66829 MiB, 100 %
2026/10/07 06:39:35.271, 66829 MiB, 97 %
2026/10/07 06:39:37.274, 66829 MiB, 100 %
2026/10/07 06:39:39.276, 66829 MiB, 100 %
2026/10/07 06:39:41.279, 66829 MiB, 100 %
2026/10/07 06:39:43.282, 66829 MiB, 100 %
2026/10/07 06:39:45.285, 66829 MiB, 100 %
2026/10/07 06:39:47.288, 66829 MiB, 100 %
2026/10/07 06:39:49.291, 66829 MiB, 100 %
2026/10/07 06:39:51.294, 66829 MiB, 100 %
2026/10/07 06:39:53.297, 66829 MiB, 100 %
2026/10/07 06:39:55.300, 66829 MiB, 100 %
2026/10/07 06:39:57.303, 66829 MiB, 100 %
2026/10/07 06:39:59.306, 66829 MiB, 98 %
2026/10/07 06:40:01.308, 66829 MiB, 100 %
2026/10/07 06:40:03.310, 66829 MiB, 96 %
2026/10/07 06:40:05.313, 66829 MiB, 100 %
2026/10/07 06:40:07.315, 66829 MiB, 100 %
2026/10/07 06:40:09.318, 66829 MiB, 100 %
2026/10/07 06:40:11.320, 66829 MiB, 100 %
2026/10/07 06:40:13.322, 66829 MiB, 100 %
2026/10/07 06:40:15.324, 66829 MiB, 100 %
2026/10/07 06:40:17.326, 66829 MiB, 90 %
2026/10/07 06:40:19.328, 66829 MiB, 100 %
2026/10/07 06:40:21.330, 66829 MiB, 100 %
2026/10/07 06:40:23.333, 66829 MiB, 90 %
2026/10/07 06:40:25.336, 66829 MiB, 100 %
2026/10/07 06:40:27.339, 66829 MiB, 100 %
2026/10/07 06:40:29.340, 66829 MiB, 100 %
2026/10/07 06:40:31.343, 66829 MiB, 100 %
2026/10/07 06:40:33.345, 66829 MiB, 94 %
2026/10/07 06:40:35.348, 66829 MiB, 100 %
2026/10/07 06:40:37.351, 66829 MiB, 100 %
2026/10/07 06:40:39.354, 66829 MiB, 97 %
2026/10/07 06:40:41.356, 66829 MiB, 100 %
2026/10/07 06:40:43.361, 66829 MiB, 100 %
2026/10/07 06:40:45.364, 66829 MiB, 100 %
2026/10/07 06:40:47.366, 66829 MiB, 100 %
2026/10/07 06:40:49.368, 66829 MiB, 100 %
2026/10/07 06:40:51.371, 66829 MiB, 100 %
2026/10/07 06:40:53.374, 66829 MiB, 97 %
2026/10/07 06:40:55.377, 66829 MiB, 100 %
2026/10/07 06:40:57.378, 66829 MiB, 100 %
2026/10/07 06:40:59.381, 66829 MiB, 100 %
2026/10/07 06:41:01.383, 66829 MiB, 100 %
2026/10/07 06:41:03.387, 66829 MiB, 100 %
2026/10/07 06:41:05.389, 66829 MiB, 100 %
2026/10/07 06:41:07.390, 66829 MiB, 97 %
2026/10/07 06:41:09.393, 66829 MiB, 100 %
2026/10/07 06:41:11.395, 66829 MiB, 100 %
2026/10/07 06:41:13.398, 66829 MiB, 100 %
2026/10/07 06:41:15.401, 66829 MiB, 100 %
2026/10/07 06:41:17.404, 66829 MiB, 100 %
2026/10/07 06:41:19.406, 66829 MiB, 100 %
2026/10/07 06:41:21.422, 66829 MiB, 100 %
2026/10/07 06:41:23.424, 66829 MiB, 100 %
2026/10/07 06:41:25.427, 66829 MiB, 100 %
2026/10/07 06:41:27.430, 66829 MiB, 100 %
2026/10/07 06:41:29.433, 66829 MiB, 95 %
2026/10/07 06:41:31.435, 66829 MiB, 97 %
2026/10/07 06:41:33.438, 66829 MiB, 100 %
2026/10/07 06:41:35.439, 66829 MiB, 100 %
2026/10/07 06:41:37.443, 66829 MiB, 22 %
2026/10/07 06:41:39.444, 66829 MiB, 87 %
2026/10/07 06:41:41.446, 66829 MiB, 100 %
2026/10/07 06:41:43.448, 66829 MiB, 100 %
2026/10/07 06:41:45.451, 66829 MiB, 100 %
2026/10/07 06:41:47.452, 66829 MiB, 100 %
2026/10/07 06:41:49.455, 66829 MiB, 100 %
2026/10/07 06:41:51.463, 66829 MiB, 100 %
2026/10/07 06:41:53.466, 66829 MiB, 100 %
2026/10/07 06:41:55.469, 66829 MiB, 100 %
2026/10/07 06:41:57.471, 66829 MiB, 100 %
2026/10/07 06:41:59.474, 66829 MiB, 100 %
2026/10/07 06:42:01.476, 66829 MiB, 100 %
2026/10/07 06:42:03.479, 66829 MiB, 100 %
2026/10/07 06:42:05.482, 66829 MiB, 100 %
2026/10/07 06:42:07.485, 66829 MiB, 100 %
2026/10/07 06:42:09.487, 66829 MiB, 100 %
2026/10/07 06:42:11.489, 66829 MiB, 66 %
2026/10/07 06:42:13.492, 66829 MiB, 99 %
2026/10/07 06:42:15.495, 66829 MiB, 100 %
2026/10/07 06:42:17.497, 66829 MiB, 100 %
2026/10/07 06:42:19.500, 66829 MiB, 100 %
2026/10/07 06:42:21.506, 66829 MiB, 100 %
2026/10/07 06:42:23.508, 66829 MiB, 100 %
2026/10/07 06:42:25.510, 66829 MiB, 100 %
2026/10/07 06:42:27.513, 66829 MiB, 100 %
2026/10/07 06:42:29.516, 66829 MiB, 100 %
2026/10/07 06:42:31.518, 66829 MiB, 100 %
2026/10/07 06:42:33.521, 66829 MiB, 100 %
2026/10/07 06:42:35.524, 66829 MiB, 100 %
2026/10/07 06:42:37.527, 66829 MiB, 100 %
2026/10/07 06:42:39.530, 66829 MiB, 100 %
2026/10/07 06:42:41.533, 66829 MiB, 100 %
2026/10/07 06:42:43.535, 66829 MiB, 100 %
2026/10/07 06:42:45.537, 66829 MiB, 100 %
2026/10/07 06:42:47.539, 66829 MiB, 100 %
2026/10/07 06:42:49.540, 66829 MiB, 100 %
2026/10/07 06:42:51.548, 66829 MiB, 100 %
2026/10/07 06:42:53.549, 66829 MiB, 100 %
2026/10/07 06:42:55.550, 66829 MiB, 100 %
2026/10/07 06:42:57.553, 66829 MiB, 100 %
2026/10/07 06:42:59.556, 66829 MiB, 100 %
2026/10/07 06:43:01.559, 66829 MiB, 100 %
2026/10/07 06:43:03.561, 66829 MiB, 100 %
2026/10/07 06:43:05.562, 66829 MiB, 100 %
2026/10/07 06:43:07.565, 66829 MiB, 100 %
2026/10/07 06:43:09.569, 66829 MiB, 100 %
2026/10/07 06:43:11.571, 66829 MiB, 100 %
2026/10/07 06:43:13.573, 66829 MiB, 100 %
2026/10/07 06:43:15.576, 66829 MiB, 100 %
2026/10/07 06:43:17.579, 66829 MiB, 100 %
2026/10/07 06:43:19.580, 66829 MiB, 100 %
2026/10/07 06:43:21.587, 66829 MiB, 100 %
2026/10/07 06:43:23.588, 66829 MiB, 100 %
2026/10/07 06:43:25.591, 66829 MiB, 100 %
2026/10/07 06:43:27.594, 66829 MiB, 100 %
2026/10/07 06:43:29.597, 66829 MiB, 100 %
2026/10/07 06:43:31.598, 66829 MiB, 0 %
2026/10/07 06:43:33.724, 66829 MiB, 100 %
2026/10/07 06:43:35.727, 66829 MiB, 100 %
2026/10/07 06:43:37.729, 66829 MiB, 100 %
2026/10/07 06:43:39.733, 66829 MiB, 100 %
2026/10/07 06:43:41.735, 66829 MiB, 100 %
2026/10/07 06:43:43.738, 66829 MiB, 100 %
2026/10/07 06:43:45.738, 66829 MiB, 100 %
2026/10/07 06:43:47.741, 66829 MiB, 100 %
2026/10/07 06:43:49.743, 66829 MiB, 100 %
2026/10/07 06:43:51.750, 66829 MiB, 100 %
2026/10/07 06:43:53.753, 66829 MiB, 100 %
2026/10/07 06:43:55.755, 66829 MiB, 100 %
2026/10/07 06:43:57.758, 66829 MiB, 100 %
2026/10/07 06:43:59.760, 66829 MiB, 100 %
2026/10/07 06:44:01.762, 66829 MiB, 100 %
2026/10/07 06:44:03.765, 66829 MiB, 100 %
2026/10/07 06:44:05.776, 66829 MiB, 100 %
2026/10/07 06:44:07.779, 66829 MiB, 100 %
2026/10/07 06:44:09.781, 66829 MiB, 100 %
2026/10/07 06:44:11.783, 66829 MiB, 100 %
2026/10/07 06:44:13.786, 66829 MiB, 100 %
2026/10/07 06:44:15.789, 66829 MiB, 100 %
2026/10/07 06:44:17.791, 66829 MiB, 100 %
2026/10/07 06:44:19.794, 66829 MiB, 100 %
2026/10/07 06:44:21.799, 66829 MiB, 100 %
2026/10/07 06:44:23.802, 66829 MiB, 100 %
2026/10/07 06:44:25.804, 66829 MiB, 100 %
2026/10/07 06:44:27.807, 66829 MiB, 100 %
2026/10/07 06:44:29.810, 66829 MiB, 100 %
2026/10/07 06:44:31.813, 66829 MiB, 100 %
2026/10/07 06:44:33.816, 66829 MiB, 100 %
2026/10/07 06:44:35.819, 66829 MiB, 100 %
2026/10/07 06:44:37.821, 66829 MiB, 100 %
2026/10/07 06:44:39.824, 66829 MiB, 100 %
2026/10/07 06:44:41.827, 66829 MiB, 100 %
2026/10/07 06:44:43.830, 66829 MiB, 100 %
2026/10/07 06:44:45.833, 66829 MiB, 100 %
2026/10/07 06:44:47.835, 66829 MiB, 100 %
2026/10/07 06:44:49.838, 66829 MiB, 100 %
2026/10/07 06:44:51.845, 66829 MiB, 100 %
2026/10/07 06:44:53.847, 66829 MiB, 100 %
2026/10/07 06:44:55.850, 66829 MiB, 100 %
2026/10/07 06:44:57.852, 66829 MiB, 100 %
2026/10/07 06:44:59.855, 66829 MiB, 100 %
2026/10/07 06:45:01.858, 66829 MiB, 100 %
2026/10/07 06:45:03.932, 66829 MiB, 100 %
2026/10/07 06:45:06.027, 67357 MiB, 100 %
2026/10/07 06:45:08.030, 66829 MiB, 100 %
2026/10/07 06:45:10.037, 66829 MiB, 100 %
2026/10/07 06:45:12.040, 66829 MiB, 100 %
2026/10/07 06:45:14.042, 66829 MiB, 100 %
2026/10/07 06:45:16.044, 66829 MiB, 100 %
2026/10/07 06:45:18.047, 66829 MiB, 100 %
2026/10/07 06:45:20.050, 66829 MiB, 100 %
2026/10/07 06:45:22.055, 66829 MiB, 100 %
2026/10/07 06:45:24.058, 66829 MiB, 100 %
2026/10/07 06:45:26.061, 66829 MiB, 100 %
2026/10/07 06:45:28.063, 66829 MiB, 100 %
2026/10/07 06:45:30.066, 66829 MiB, 100 %
2026/10/07 06:45:32.068, 66829 MiB, 100 %
2026/10/07 06:45:34.071, 66829 MiB, 100 %
2026/10/07 06:45:36.073, 66829 MiB, 100 %
2026/10/07 06:45:38.076, 66829 MiB, 100 %
2026/10/07 06:45:40.078, 66829 MiB, 100 %
2026/10/07 06:45:42.081, 66829 MiB, 100 %
2026/10/07 06:45:44.084, 66829 MiB, 100 %
2026/10/07 06:45:46.087, 66829 MiB, 100 %
2026/10/07 06:45:48.090, 66829 MiB, 100 %
2026/10/07 06:45:50.093, 66829 MiB, 100 %
2026/10/07 06:45:52.098, 66829 MiB, 100 %
2026/10/07 06:45:54.101, 66829 MiB, 100 %
2026/10/07 06:45:56.103, 66829 MiB, 100 %
2026/10/07 06:45:58.106, 66829 MiB, 100 %
2026/10/07 06:46:00.109, 66829 MiB, 100 %
2026/10/07 06:46:02.112, 66829 MiB, 100 %
2026/10/07 06:46:04.115, 66829 MiB, 100 %
2026/10/07 06:46:06.127, 66829 MiB, 100 %
2026/10/07 06:46:08.130, 66829 MiB, 100 %
2026/10/07 06:46:10.133, 66829 MiB, 100 %
2026/10/07 06:46:12.136, 66829 MiB, 100 %
2026/10/07 06:46:14.138, 66829 MiB, 100 %
2026/10/07 06:46:16.141, 66829 MiB, 100 %
2026/10/07 06:46:18.144, 66829 MiB, 100 %
2026/10/07 06:46:20.147, 66829 MiB, 100 %
2026/10/07 06:46:22.151, 66829 MiB, 100 %
2026/10/07 06:46:24.154, 66829 MiB, 100 %
2026/10/07 06:46:26.157, 66829 MiB, 100 %
2026/10/07 06:46:28.160, 66829 MiB, 100 %
2026/10/07 06:46:30.163, 66829 MiB, 100 %
2026/10/07 06:46:32.166, 66829 MiB, 100 %
2026/10/07 06:46:34.168, 66829 MiB, 100 %
2026/10/07 06:46:36.171, 66829 MiB, 100 %
2026/10/07 06:46:38.174, 66829 MiB, 100 %
2026/10/07 06:46:40.177, 66829 MiB, 100 %
2026/10/07 06:46:42.179, 66829 MiB, 100 %
2026/10/07 06:46:44.182, 66829 MiB, 100 %
2026/10/07 06:46:46.183, 66829 MiB, 100 %
2026/10/07 06:46:48.186, 66829 MiB, 100 %
2026/10/07 06:46:50.189, 66829 MiB, 100 %
2026/10/07 06:46:52.197, 66829 MiB, 100 %
2026/10/07 06:46:54.199, 66829 MiB, 100 %
2026/10/07 06:46:56.202, 66829 MiB, 100 %
2026/10/07 06:46:58.205, 66829 MiB, 100 %
2026/10/07 06:47:00.207, 66829 MiB, 100 %
2026/10/07 06:47:02.209, 66829 MiB, 100 %
2026/10/07 06:47:04.212, 66829 MiB, 100 %
2026/10/07 06:47:06.215, 66829 MiB, 100 %
2026/10/07 06:47:08.217, 66829 MiB, 100 %
2026/10/07 06:47:10.219, 66829 MiB, 100 %
2026/10/07 06:47:12.222, 66829 MiB, 100 %
2026/10/07 06:47:14.224, 66829 MiB, 100 %
2026/10/07 06:47:16.227, 66829 MiB, 100 %
2026/10/07 06:47:18.230, 66829 MiB, 100 %
2026/10/07 06:47:20.233, 66829 MiB, 100 %
2026/10/07 06:47:22.240, 66829 MiB, 100 %
2026/10/07 06:47:24.242, 66829 MiB, 100 %
2026/10/07 06:47:26.245, 66829 MiB, 100 %
2026/10/07 06:47:28.248, 66829 MiB, 97 %
2026/10/07 06:47:30.250, 66829 MiB, 100 %
2026/10/07 06:47:32.255, 66829 MiB, 100 %
2026/10/07 06:47:34.257, 66829 MiB, 100 %
2026/10/07 06:47:36.260, 66829 MiB, 100 %
2026/10/07 06:47:38.263, 66829 MiB, 100 %
2026/10/07 06:47:40.266, 66829 MiB, 100 %
2026/10/07 06:47:42.269, 66829 MiB, 100 %
2026/10/07 06:47:44.272, 66829 MiB, 100 %
2026/10/07 06:47:46.274, 66829 MiB, 100 %
2026/10/07 06:47:48.277, 66829 MiB, 100 %
2026/10/07 06:47:50.280, 66829 MiB, 100 %
2026/10/07 06:47:52.285, 66829 MiB, 100 %
2026/10/07 06:47:54.287, 66829 MiB, 100 %
2026/10/07 06:47:56.290, 66829 MiB, 100 %
2026/10/07 06:47:58.293, 66829 MiB, 90 %
2026/10/07 06:48:00.296, 66829 MiB, 100 %
2026/10/07 06:48:02.298, 66829 MiB, 100 %
2026/10/07 06:48:04.300, 66829 MiB, 100 %
2026/10/07 06:48:06.303, 66829 MiB, 100 %
2026/10/07 06:48:08.306, 66829 MiB, 100 %
2026/10/07 06:48:10.308, 66829 MiB, 100 %
2026/10/07 06:48:12.311, 66829 MiB, 100 %
2026/10/07 06:48:14.313, 66829 MiB, 100 %
2026/10/07 06:48:16.316, 66829 MiB, 100 %
2026/10/07 06:48:18.318, 66829 MiB, 100 %
2026/10/07 06:48:20.321, 66829 MiB, 100 %
2026/10/07 06:48:22.329, 66829 MiB, 90 %
2026/10/07 06:48:24.332, 66829 MiB, 100 %
2026/10/07 06:48:26.335, 67089 MiB, 100 %
2026/10/07 06:48:28.338, 67089 MiB, 100 %
2026/10/07 06:48:30.341, 67089 MiB, 100 %
2026/10/07 06:48:32.344, 67089 MiB, 100 %
2026/10/07 06:48:34.346, 67089 MiB, 100 %
2026/10/07 06:48:36.349, 67089 MiB, 97 %
2026/10/07 06:48:38.352, 67089 MiB, 100 %
2026/10/07 06:48:40.354, 67089 MiB, 100 %
2026/10/07 06:48:42.357, 67089 MiB, 97 %
2026/10/07 06:48:44.360, 67089 MiB, 100 %
2026/10/07 06:48:46.362, 67089 MiB, 100 %
2026/10/07 06:48:48.365, 67089 MiB, 100 %
2026/10/07 06:48:50.368, 67089 MiB, 100 %
2026/10/07 06:48:52.378, 67089 MiB, 91 %
2026/10/07 06:48:54.381, 67089 MiB, 100 %
2026/10/07 06:48:56.383, 67089 MiB, 100 %
2026/10/07 06:48:58.386, 67089 MiB, 100 %
2026/10/07 06:49:00.388, 67089 MiB, 91 %
2026/10/07 06:49:02.390, 67089 MiB, 100 %
2026/10/07 06:49:04.393, 67089 MiB, 100 %
2026/10/07 06:49:06.396, 67089 MiB, 100 %
2026/10/07 06:49:08.399, 67089 MiB, 100 %
2026/10/07 06:49:10.402, 67089 MiB, 100 %
2026/10/07 06:49:12.405, 67089 MiB, 100 %
2026/10/07 06:49:14.407, 67089 MiB, 100 %
2026/10/07 06:49:16.409, 67089 MiB, 100 %
2026/10/07 06:49:18.413, 67089 MiB, 100 %
2026/10/07 06:49:20.414, 67089 MiB, 100 %
2026/10/07 06:49:22.417, 67089 MiB, 100 %
2026/10/07 06:49:24.419, 67089 MiB, 100 %
2026/10/07 06:49:26.422, 67089 MiB, 100 %
2026/10/07 06:49:28.425, 67089 MiB, 100 %
2026/10/07 06:49:30.427, 67089 MiB, 100 %
2026/10/07 06:49:32.429, 67089 MiB, 100 %
2026/10/07 06:49:34.431, 67089 MiB, 100 %
2026/10/07 06:49:36.433, 67089 MiB, 95 %
2026/10/07 06:49:38.435, 67089 MiB, 100 %
2026/10/07 06:49:40.438, 67089 MiB, 100 %
2026/10/07 06:49:42.440, 67089 MiB, 100 %
2026/10/07 06:49:44.443, 67089 MiB, 87 %
2026/10/07 06:49:46.445, 67089 MiB, 93 %
2026/10/07 06:49:48.448, 67089 MiB, 100 %
2026/10/07 06:49:50.451, 67089 MiB, 100 %
2026/10/07 06:49:52.460, 67089 MiB, 100 %
2026/10/07 06:49:54.462, 67089 MiB, 100 %
2026/10/07 06:49:56.465, 67089 MiB, 100 %
2026/10/07 06:49:58.468, 67089 MiB, 100 %
2026/10/07 06:50:00.471, 67089 MiB, 100 %
2026/10/07 06:50:02.474, 67089 MiB, 95 %
2026/10/07 06:50:04.477, 67089 MiB, 95 %
2026/10/07 06:50:06.480, 67089 MiB, 100 %
2026/10/07 06:50:08.482, 67089 MiB, 100 %
2026/10/07 06:50:10.484, 67089 MiB, 100 %
2026/10/07 06:50:12.487, 67089 MiB, 0 %
2026/10/07 06:50:14.490, 67089 MiB, 95 %
2026/10/07 06:50:16.492, 67089 MiB, 100 %
2026/10/07 06:50:18.496, 67089 MiB, 100 %
2026/10/07 06:50:20.499, 67089 MiB, 100 %
2026/10/07 06:50:22.504, 67089 MiB, 100 %
2026/10/07 06:50:24.506, 67089 MiB, 100 %
2026/10/07 06:50:26.509, 67089 MiB, 100 %
2026/10/07 06:50:28.511, 67089 MiB, 60 %
2026/10/07 06:50:30.514, 67089 MiB, 100 %
2026/10/07 06:50:32.517, 67089 MiB, 100 %
2026/10/07 06:50:34.520, 67089 MiB, 100 %
2026/10/07 06:50:36.523, 67089 MiB, 100 %
2026/10/07 06:50:38.526, 67089 MiB, 100 %
2026/10/07 06:50:40.528, 67089 MiB, 100 %
2026/10/07 06:50:42.531, 67089 MiB, 96 %
2026/10/07 06:50:44.533, 67089 MiB, 100 %
2026/10/07 06:50:46.536, 67089 MiB, 100 %
2026/10/07 06:50:48.539, 67089 MiB, 100 %
2026/10/07 06:50:50.542, 67089 MiB, 100 %
2026/10/07 06:50:52.546, 67089 MiB, 100 %
2026/10/07 06:50:54.549, 67089 MiB, 100 %
2026/10/07 06:50:56.551, 67089 MiB, 100 %
2026/10/07 06:50:58.554, 67089 MiB, 100 %
2026/10/07 06:51:00.556, 67089 MiB, 100 %
2026/10/07 06:51:02.557, 67089 MiB, 100 %
2026/10/07 06:51:04.559, 67089 MiB, 100 %
2026/10/07 06:51:06.562, 67089 MiB, 100 %
2026/10/07 06:51:08.564, 67089 MiB, 0 %
2026/10/07 06:51:10.567, 67089 MiB, 100 %
2026/10/07 06:51:12.570, 67089 MiB, 100 %
2026/10/07 06:51:14.572, 67089 MiB, 51 %
2026/10/07 06:51:16.574, 67089 MiB, 100 %
2026/10/07 06:51:18.577, 67089 MiB, 100 %
2026/10/07 06:51:20.579, 67089 MiB, 100 %
2026/10/07 06:51:22.588, 67089 MiB, 100 %
2026/10/07 06:51:24.589, 67089 MiB, 100 %
2026/10/07 06:51:26.591, 67089 MiB, 100 %
2026/10/07 06:51:28.594, 67089 MiB, 100 %
2026/10/07 06:51:30.596, 67089 MiB, 80 %
2026/10/07 06:51:32.600, 67089 MiB, 48 %
2026/10/07 06:51:34.601, 67089 MiB, 100 %
2026/10/07 06:51:36.603, 67089 MiB, 100 %
2026/10/07 06:51:38.605, 67089 MiB, 100 %
2026/10/07 06:51:40.608, 67089 MiB, 100 %
2026/10/07 06:51:42.610, 67089 MiB, 100 %
2026/10/07 06:51:44.613, 67089 MiB, 100 %
2026/10/07 06:51:46.615, 67089 MiB, 0 %
2026/10/07 06:51:48.617, 67089 MiB, 100 %
2026/10/07 06:51:50.620, 67089 MiB, 100 %
2026/10/07 06:51:52.624, 67089 MiB, 100 %
2026/10/07 06:51:54.682, 67089 MiB, 100 %
2026/10/07 06:51:56.686, 67089 MiB, 100 %
2026/10/07 06:51:58.689, 67089 MiB, 100 %
2026/10/07 06:52:00.691, 67089 MiB, 100 %
2026/10/07 06:52:02.693, 67089 MiB, 100 %
2026/10/07 06:52:04.696, 67089 MiB, 100 %
2026/10/07 06:52:06.698, 67089 MiB, 100 %
2026/10/07 06:52:08.700, 67089 MiB, 100 %
2026/10/07 06:52:10.702, 67089 MiB, 100 %
2026/10/07 06:52:12.705, 67089 MiB, 100 %
2026/10/07 06:52:14.707, 67089 MiB, 100 %
2026/10/07 06:52:16.710, 67089 MiB, 100 %
2026/10/07 06:52:18.713, 67089 MiB, 100 %
2026/10/07 06:52:20.715, 67089 MiB, 100 %
2026/10/07 06:52:22.719, 67089 MiB, 100 %
2026/10/07 06:52:24.721, 67089 MiB, 100 %
2026/10/07 06:52:26.724, 67089 MiB, 100 %
2026/10/07 06:52:28.726, 67089 MiB, 100 %
2026/10/07 06:52:30.729, 67089 MiB, 100 %
2026/10/07 06:52:32.730, 67089 MiB, 100 %
2026/10/07 06:52:34.733, 67089 MiB, 100 %
2026/10/07 06:52:36.737, 67089 MiB, 100 %
2026/10/07 06:52:38.740, 67089 MiB, 100 %
2026/10/07 06:52:40.742, 67089 MiB, 100 %
2026/10/07 06:52:42.744, 67089 MiB, 100 %
2026/10/07 06:52:44.748, 67089 MiB, 100 %
2026/10/07 06:52:46.750, 67089 MiB, 100 %
2026/10/07 06:52:48.752, 67089 MiB, 100 %
2026/10/07 06:52:50.755, 67089 MiB, 100 %
2026/10/07 06:52:52.761, 67089 MiB, 100 %
2026/10/07 06:52:54.764, 67089 MiB, 100 %
2026/10/07 06:52:56.766, 67089 MiB, 100 %
2026/10/07 06:52:58.767, 67089 MiB, 100 %
2026/10/07 06:53:00.770, 67089 MiB, 100 %
2026/10/07 06:53:02.773, 67089 MiB, 100 %
2026/10/07 06:53:04.776, 67089 MiB, 100 %
2026/10/07 06:53:06.778, 67089 MiB, 100 %
2026/10/07 06:53:08.781, 67089 MiB, 100 %
2026/10/07 06:53:10.783, 67089 MiB, 100 %
2026/10/07 06:53:12.786, 67089 MiB, 100 %
2026/10/07 06:53:14.789, 67089 MiB, 100 %
2026/10/07 06:53:16.791, 67089 MiB, 100 %
2026/10/07 06:53:18.792, 67089 MiB, 100 %
2026/10/07 06:53:20.795, 67089 MiB, 100 %
2026/10/07 06:53:22.798, 67089 MiB, 100 %
2026/10/07 06:53:24.801, 67089 MiB, 100 %
2026/10/07 06:53:26.802, 67089 MiB, 100 %
2026/10/07 06:53:28.803, 67089 MiB, 100 %
2026/10/07 06:53:30.827, 67089 MiB, 100 %
2026/10/07 06:53:32.854, 67089 MiB, 100 %
2026/10/07 06:53:34.855, 67089 MiB, 100 %
2026/10/07 06:53:36.858, 67089 MiB, 100 %
2026/10/07 06:53:38.859, 67089 MiB, 100 %
2026/10/07 06:53:40.860, 67089 MiB, 100 %
2026/10/07 06:53:42.862, 67089 MiB, 100 %
2026/10/07 06:53:44.863, 67089 MiB, 100 %
2026/10/07 06:53:46.866, 67089 MiB, 100 %
2026/10/07 06:53:48.867, 67089 MiB, 100 %
2026/10/07 06:53:50.868, 67089 MiB, 100 %
2026/10/07 06:53:52.873, 67089 MiB, 100 %
2026/10/07 06:53:54.898, 67089 MiB, 100 %
2026/10/07 06:53:56.901, 67089 MiB, 100 %
2026/10/07 06:53:58.903, 67089 MiB, 100 %
2026/10/07 06:54:00.905, 67089 MiB, 100 %
2026/10/07 06:54:02.907, 67089 MiB, 100 %
2026/10/07 06:54:04.909, 67089 MiB, 100 %
2026/10/07 06:54:06.912, 67089 MiB, 100 %
2026/10/07 06:54:08.914, 67089 MiB, 100 %
2026/10/07 06:54:10.917, 67089 MiB, 100 %
2026/10/07 06:54:12.918, 67089 MiB, 100 %
2026/10/07 06:54:14.920, 67089 MiB, 100 %
2026/10/07 06:54:16.923, 67089 MiB, 100 %
2026/10/07 06:54:18.925, 67089 MiB, 100 %
2026/10/07 06:54:20.926, 67089 MiB, 100 %
2026/10/07 06:54:22.928, 67089 MiB, 100 %
2026/10/07 06:54:24.930, 67089 MiB, 100 %
2026/10/07 06:54:26.932, 67089 MiB, 100 %
2026/10/07 06:54:28.933, 67089 MiB, 100 %
2026/10/07 06:54:30.935, 67089 MiB, 100 %
2026/10/07 06:54:32.937, 67089 MiB, 100 %
2026/10/07 06:54:34.939, 67089 MiB, 100 %
2026/10/07 06:54:36.941, 67089 MiB, 100 %
2026/10/07 06:54:38.943, 67089 MiB, 100 %
2026/10/07 06:54:40.945, 67089 MiB, 100 %
2026/10/07 06:54:42.948, 67089 MiB, 100 %
2026/10/07 06:54:44.951, 67089 MiB, 100 %
2026/10/07 06:54:46.953, 67089 MiB, 100 %
2026/10/07 06:54:48.956, 67089 MiB, 100 %
2026/10/07 06:54:50.958, 67089 MiB, 15 %
2026/10/07 06:54:52.966, 67089 MiB, 100 %
2026/10/07 06:54:54.968, 67089 MiB, 100 %
2026/10/07 06:54:56.969, 67089 MiB, 100 %
2026/10/07 06:54:58.971, 67089 MiB, 100 %
2026/10/07 06:55:00.972, 67089 MiB, 100 %
2026/10/07 06:55:02.974, 67089 MiB, 100 %
2026/10/07 06:55:04.975, 67089 MiB, 100 %
2026/10/07 06:55:06.976, 67089 MiB, 100 %
2026/10/07 06:55:08.978, 67089 MiB, 100 %
2026/10/07 06:55:10.981, 67089 MiB, 100 %
2026/10/07 06:55:12.983, 67089 MiB, 100 %
2026/10/07 06:55:14.985, 67089 MiB, 95 %
2026/10/07 06:55:16.986, 67089 MiB, 100 %
2026/10/07 06:55:18.988, 67089 MiB, 100 %
2026/10/07 06:55:20.990, 67089 MiB, 100 %
2026/10/07 06:55:22.993, 67089 MiB, 100 %
2026/10/07 06:55:24.996, 67089 MiB, 100 %
2026/10/07 06:55:26.998, 67089 MiB, 100 %
2026/10/07 06:55:29.000, 67089 MiB, 100 %
2026/10/07 06:55:31.003, 67089 MiB, 100 %
2026/10/07 06:55:33.005, 67089 MiB, 100 %
2026/10/07 06:55:35.008, 67089 MiB, 87 %
2026/10/07 06:55:37.011, 67089 MiB, 95 %
2026/10/07 06:55:39.014, 67089 MiB, 88 %
2026/10/07 06:55:41.017, 67089 MiB, 100 %
2026/10/07 06:55:43.020, 67089 MiB, 95 %
2026/10/07 06:55:45.022, 67089 MiB, 94 %
2026/10/07 06:55:47.025, 67089 MiB, 93 %
2026/10/07 06:55:49.026, 67089 MiB, 100 %
2026/10/07 06:55:51.028, 67089 MiB, 100 %
2026/10/07 06:55:53.035, 67089 MiB, 95 %
2026/10/07 06:55:55.036, 67089 MiB, 100 %
2026/10/07 06:55:57.038, 67089 MiB, 100 %
2026/10/07 06:55:59.041, 67089 MiB, 94 %
2026/10/07 06:56:01.043, 67089 MiB, 87 %
2026/10/07 06:56:03.046, 67089 MiB, 95 %
2026/10/07 06:56:05.048, 67089 MiB, 100 %
2026/10/07 06:56:07.050, 67089 MiB, 96 %
2026/10/07 06:56:09.052, 67089 MiB, 100 %
2026/10/07 06:56:11.054, 67089 MiB, 100 %
2026/10/07 06:56:13.056, 67089 MiB, 96 %
2026/10/07 06:56:15.058, 67089 MiB, 100 %
2026/10/07 06:56:17.059, 67089 MiB, 100 %
2026/10/07 06:56:19.060, 67089 MiB, 100 %
2026/10/07 06:56:21.061, 67089 MiB, 100 %
2026/10/07 06:56:23.071, 67089 MiB, 100 %
2026/10/07 06:56:25.073, 67089 MiB, 100 %
2026/10/07 06:56:27.076, 67089 MiB, 100 %
2026/10/07 06:56:29.077, 67089 MiB, 100 %
2026/10/07 06:56:31.079, 67089 MiB, 86 %
2026/10/07 06:56:33.083, 67089 MiB, 95 %
2026/10/07 06:56:35.084, 67089 MiB, 86 %
2026/10/07 06:56:37.086, 67089 MiB, 100 %
2026/10/07 06:56:39.089, 67089 MiB, 100 %
2026/10/07 06:56:41.092, 67089 MiB, 100 %
2026/10/07 06:56:43.094, 67089 MiB, 87 %
2026/10/07 06:56:45.097, 67089 MiB, 100 %
2026/10/07 06:56:47.100, 67089 MiB, 100 %
2026/10/07 06:56:49.102, 67089 MiB, 100 %
2026/10/07 06:56:51.105, 67089 MiB, 100 %
2026/10/07 06:56:53.120, 67089 MiB, 86 %
2026/10/07 06:56:55.121, 67089 MiB, 100 %
2026/10/07 06:56:57.123, 67089 MiB, 100 %
2026/10/07 06:56:59.126, 67089 MiB, 100 %
2026/10/07 06:57:01.127, 67089 MiB, 100 %
2026/10/07 06:57:03.129, 67089 MiB, 100 %
2026/10/07 06:57:05.130, 67089 MiB, 100 %
2026/10/07 06:57:07.133, 67089 MiB, 100 %
2026/10/07 06:57:09.134, 67089 MiB, 100 %
2026/10/07 06:57:11.136, 67089 MiB, 100 %
2026/10/07 06:57:13.139, 67089 MiB, 100 %
2026/10/07 06:57:15.140, 67089 MiB, 100 %
2026/10/07 06:57:17.141, 67089 MiB, 100 %
2026/10/07 06:57:19.143, 67089 MiB, 100 %
2026/10/07 06:57:21.144, 67089 MiB, 100 %
2026/10/07 06:57:23.146, 67089 MiB, 100 %
2026/10/07 06:57:25.148, 67089 MiB, 100 %
2026/10/07 06:57:27.149, 67089 MiB, 100 %
2026/10/07 06:57:29.149, 67089 MiB, 98 %
2026/10/07 06:57:31.150, 67089 MiB, 100 %
2026/10/07 06:57:33.151, 67089 MiB, 100 %
2026/10/07 06:57:35.152, 67089 MiB, 0 %
2026/10/07 06:57:37.154, 67089 MiB, 100 %
2026/10/07 06:57:39.156, 67089 MiB, 100 %
2026/10/07 06:57:41.157, 67089 MiB, 100 %
2026/10/07 06:57:43.160, 67089 MiB, 100 %
2026/10/07 06:57:45.161, 67089 MiB, 100 %
2026/10/07 06:57:47.162, 67089 MiB, 100 %
2026/10/07 06:57:49.165, 67089 MiB, 98 %
2026/10/07 06:57:51.167, 67089 MiB, 100 %
2026/10/07 06:57:53.169, 67089 MiB, 100 %
2026/10/07 06:57:55.172, 67089 MiB, 83 %
2026/10/07 06:57:57.173, 67089 MiB, 2 %
2026/10/07 06:57:59.174, 67089 MiB, 92 %
2026/10/07 06:58:01.177, 67089 MiB, 100 %
2026/10/07 06:58:03.179, 67089 MiB, 82 %
2026/10/07 06:58:05.182, 67089 MiB, 100 %
2026/10/07 06:58:07.184, 67089 MiB, 100 %
2026/10/07 06:58:09.187, 67089 MiB, 100 %
2026/10/07 06:58:11.190, 67089 MiB, 86 %
2026/10/07 06:58:13.192, 67089 MiB, 97 %
2026/10/07 06:58:15.195, 67089 MiB, 100 %
2026/10/07 06:58:17.196, 67089 MiB, 100 %
2026/10/07 06:58:19.197, 67089 MiB, 100 %
2026/10/07 06:58:21.198, 67089 MiB, 69 %
2026/10/07 06:58:23.202, 67089 MiB, 100 %
2026/10/07 06:58:25.204, 67089 MiB, 100 %
2026/10/07 06:58:27.206, 67089 MiB, 100 %
2026/10/07 06:58:29.208, 67089 MiB, 100 %
2026/10/07 06:58:31.210, 67089 MiB, 100 %
2026/10/07 06:58:33.211, 67089 MiB, 97 %
2026/10/07 06:58:35.214, 67089 MiB, 100 %
2026/10/07 06:58:37.216, 67089 MiB, 100 %
2026/10/07 06:58:39.218, 67089 MiB, 100 %
2026/10/07 06:58:41.219, 67089 MiB, 99 %
2026/10/07 06:58:43.222, 67089 MiB, 100 %
2026/10/07 06:58:45.224, 67089 MiB, 100 %
2026/10/07 06:58:47.226, 67089 MiB, 100 %
2026/10/07 06:58:49.227, 67089 MiB, 100 %
2026/10/07 06:58:51.229, 67089 MiB, 100 %
2026/10/07 06:58:53.232, 67089 MiB, 100 %
2026/10/07 06:58:55.234, 67089 MiB, 100 %
2026/10/07 06:58:57.236, 67089 MiB, 100 %
2026/10/07 06:58:59.237, 67089 MiB, 62 %
2026/10/07 06:59:01.239, 67089 MiB, 100 %
2026/10/07 06:59:03.242, 67089 MiB, 100 %
2026/10/07 06:59:05.244, 67089 MiB, 55 %
2026/10/07 06:59:07.245, 67089 MiB, 100 %
2026/10/07 06:59:09.246, 67089 MiB, 100 %
2026/10/07 06:59:11.248, 67089 MiB, 100 %
2026/10/07 06:59:13.250, 67089 MiB, 100 %
2026/10/07 06:59:15.251, 67089 MiB, 0 %
2026/10/07 06:59:17.253, 67089 MiB, 0 %
2026/10/07 06:59:19.255, 67089 MiB, 0 %
2026/10/07 06:59:21.257, 67089 MiB, 1 %
2026/10/07 06:59:23.261, 67089 MiB, 1 %
2026/10/07 06:59:25.262, 67089 MiB, 0 %
2026/10/07 06:59:27.264, 67089 MiB, 100 %
2026/10/07 06:59:29.267, 67089 MiB, 100 %
2026/10/07 06:59:31.268, 67089 MiB, 95 %
2026/10/07 06:59:33.270, 67089 MiB, 100 %
2026/10/07 06:59:35.271, 67089 MiB, 100 %
2026/10/07 06:59:37.274, 67089 MiB, 100 %
2026/10/07 06:59:39.276, 67089 MiB, 100 %
2026/10/07 06:59:41.278, 67089 MiB, 100 %
2026/10/07 06:59:43.280, 67089 MiB, 100 %
